manuscript_bin,pt_center_gev,species,yield_value,total_error
0--1,0.11,pion,17.03,1.31078816672679
0--1,0.13,pion,17.78,0.8209763330013982
0--1,0.15000000000000002,pion,17.955,0.7860184888066348
0--1,0.16999999999999998,pion,17.810000000000002,0.7810251355353267
0--1,0.19,pion,17.355,0.7660450823328337
0--1,0.225,kaon,0.903,0.0641346624175077
0--1,0.225,pion,16.075000000000003,0.7002856560004639
0--1,0.275,kaon,1.0180000000000002,0.06449913764621873
0--1,0.275,pion,14.38,0.5115662224971465
0--1,0.32499999999999996,kaon,1.1320000000000001,0.04826569264143533
0--1,0.32499999999999996,pion,12.655000000000001,0.45099889135118726
0--1,0.32499999999999996,proton,0.28200000000000003,0.033455599372672284
0--1,0.375,kaon,1.1600000000000001,0.04754135216376083
0--1,0.375,pion,11.14,0.3961377833573953
0--1,0.375,proton,0.31999999999999995,0.03387115954571822
0--1,0.42500000000000004,kaon,1.1900000000000002,0.052420921603636456
0--1,0.42500000000000004,pion,9.825,0.35128336140500593
0--1,0.42500000000000004,proton,0.3395,0.03281756123673127
0--1,0.475,kaon,1.2349999999999999,0.050990195135927854
0--1,0.475,pion,8.629999999999999,0.3060570788077035
0--1,0.475,proton,0.35050000000000003,0.020303955780744787
0--1,0.525,kaon,1.225,0.07447941497572212
0--1,0.525,pion,7.6000000000000005,0.26575391181086183
0--1,0.525,proton,0.3705,0.021144959075618638
0--1,0.575,kaon,1.185,0.07280109889280517
0--1,0.575,pion,6.640000000000001,0.23086792761230387
0--1,0.575,proton,0.372,0.019826146175091104
0--1,0.625,kaon,1.105,0.08395107498276427
0--1,0.625,pion,6.165,0.33845054639782646
0--1,0.625,proton,0.379,0.023580257844391855
0--1,0.675,kaon,1.0750000000000002,0.08246211251235323
0--1,0.675,pion,5.44,0.301041514357392
0--1,0.675,proton,0.37650000000000006,0.02263944697017055
0--1,0.725,kaon,1.0050000000000001,0.07930992178549615
0--1,0.725,pion,4.825,0.2668332812825267
0--1,0.725,proton,0.3755,0.0211044087812976
0--1,0.775,kaon,0.96,0.07343420458864691
0--1,0.775,pion,4.305,0.24142514996135972
0--1,0.775,proton,0.36550000000000005,0.020767347153183617
0--1,0.825,kaon,0.8850000000000001,0.07071067811865475
0--1,0.825,pion,3.7649999999999997,0.21101280636505604
0--1,0.825,proton,0.363,0.021870656557114322
0--1,0.875,kaon,0.8550000000000001,0.07072510139298385
0--1,0.875,pion,3.4050000000000002,0.19049014765608502
0--1,0.875,proton,0.353,0.023839328788671114
0--1,0.925,kaon,0.775,0.0608276253029822
0--1,0.925,pion,3.085,0.1710623382457
0--1,0.925,proton,0.34950000000000003,0.02344262721313497
0--1,0.975,kaon,0.7225,0.05295415800345589
0--1,0.975,pion,2.745,0.15132745950421558
0--1,0.975,proton,0.32999999999999996,0.02158827823672263
0--1,1.05,kaon,0.655,0.052420921603636456
0--1,1.05,pion,2.335,0.1324730525104612
0--1,1.05,proton,0.3045,0.02050176049193525
0--1,1.15,kaon,0.5489999999999999,0.043348771636813256
0--1,1.15,pion,1.875,0.10198039027185571
0--1,1.15,proton,0.28150000000000003,0.01844036851776029
0--1,1.25,kaon,0.479,0.03671856434220323
0--1,1.25,pion,1.516,0.08497795481370238
0--1,1.25,proton,0.256,0.017586982097370023
0--1,1.35,kaon,0.4125,0.03175301510468488
0--1,1.35,pion,1.229,0.06896559551087189
0--1,1.35,proton,0.22449999999999998,0.015661637196400624
0--1,1.45,kaon,0.35600000000000004,0.02778947968768713
0--1,1.45,pion,1.0165000000000002,0.05805389519892521
0--1,1.45,proton,0.196,0.01346476832770701
0--1,1.55,kaon,0.307,0.024683064934462
0--1,1.55,pion,0.835,0.04850773134253961
0--1,1.55,proton,0.1735,0.011885535563922182
0--1,1.65,kaon,0.26,0.021213203435596427
0--1,1.65,pion,0.685,0.04044749683231337
0--1,1.65,proton,0.155,0.011086041932630193
0--1,1.75,kaon,0.2185,0.01824828759089466
0--1,1.75,pion,0.5714999999999999,0.034033186332880494
0--1,1.75,proton,0.1355,0.009534201129544497
0--1,1.85,kaon,0.189,0.016278820596099707
0--1,1.85,pion,0.47550000000000003,0.02844292530665578
0--1,1.85,proton,0.11299999999999999,0.00807988842559072
0--1,1.95,kaon,0.1585,0.014317821063276353
0--1,1.95,pion,0.3945,0.02383814259052519
0--1,1.95,proton,0.0985,0.007161988519181639
0--1,2.1,kaon,0.1215,0.009137464797715152
0--1,2.1,pion,0.306,0.015033296378372907
0--1,2.1,proton,0.08099999999999999,0.0055908910219455024
0--1,2.3,kaon,0.088,0.006203658925317489
0--1,2.3,pion,0.218,0.011045361017187262
0--1,2.3,proton,0.062,0.00412310562561766
0--1,2.5,kaon,0.0665,0.00412310562561766
0--1,2.5,pion,0.158,0.00806225774829855
0--1,2.5,proton,0.046849999999999996,0.003372551778663795
0--1,2.7,kaon,0.049350000000000005,0.004177319714841084
0--1,2.7,pion,0.11699999999999999,0.006212889826803627
0--1,2.7,proton,0.0335,0.0031622776601683794
0--1,2.9,kaon,0.0382,0.0038964803718620203
0--1,2.9,pion,0.0872,0.004617358552246078
0--1,2.9,proton,0.024300000000000002,0.003981524762208387
0--1,3.1,kaon,0.03005,0.0034365680554879164
0--1,3.1,pion,0.06595,0.0034132096331752023
0--1,3.1,proton,0.018050000000000004,0.0033241540277189324
0--1,3.3,kaon,0.02365,0.0027294688127912363
0--1,3.3,pion,0.0505,0.0026172504656604804
0--1,3.3,proton,0.0137,0.0025675930640316575
0--1,3.5,kaon,0.01855,0.002022374841615668
0--1,3.5,pion,0.0387,0.002009975124224178
0--1,3.5,proton,0.010249999999999999,0.0018110770276274835
0--1,3.7,kaon,0.01485,0.0014317821063276352
0--1,3.7,pion,0.030150000000000003,0.0015628630723509328
0--1,3.7,proton,0.0079,0.0013152946437965907
0--1,3.9,kaon,0.011600000000000001,0.001019803902718557
0--1,3.9,pion,0.02365,0.001216552506059644
0--1,3.9,proton,0.00615,0.0009219544457292889
0--1,4.25,kaon,0.0079,0.000608276253029822
0--1,4.25,pion,0.016100000000000003,0.0008062257748298549
0--1,4.25,proton,0.003965,0.0005375872022286245
0--1,4.75,kaon,0.004750000000000001,0.0003347034934882029
0--1,4.75,pion,0.009655,0.0005014236097695715
0--1,4.75,proton,0.002255,0.0002717098075006567
0--1,5.5,kaon,0.002405,0.00015524174696260025
0--1,5.5,pion,0.004875000000000001,0.0002531797780234433
0--1,5.5,proton,0.0010350000000000001,0.00010921030379950966
0--1,7.0,kaon,0.0007900000000000001,6.324555320336759e-05
0--1,7.0,pion,0.0016,9.219544457292888e-05
0--1,7.0,proton,0.000285,2.23606797749979e-05
0--1,9.0,kaon,0.00022850000000000002,2.2611368191204526e-05
0--1,9.0,pion,0.00044650000000000007,2.768159834906417e-05
0--1,9.0,proton,6.6e-05,7.0710678118654756e-06
0--1,12.5,kaon,5.35e-05,6.324555320336759e-06
0--1,12.5,pion,0.0001,7.6157731058639085e-06
0--1,12.5,proton,1.1e-05,1.4142135623730954e-06
0--1,17.5,kaon,1.05e-05,1.5694426509535423e-06
0--1,17.5,pion,1.835e-05,1.6643316977093238e-06
0--1,17.5,proton,1.55e-06,4.4721359549995787e-07
1--5,0.11,pion,13.630000000000003,1.0151972596521426
1--5,0.13,pion,14.255,0.6053315965036266
1--5,0.15000000000000002,pion,14.51,0.570350769263968
1--5,0.16999999999999998,pion,14.420000000000002,0.570350769263968
1--5,0.19,pion,14.07,0.5553605063541099
1--5,0.225,kaon,0.759,0.05065855368942122
1--5,0.225,pion,13.035,0.5150970873760539
1--5,0.275,kaon,0.854,0.050161345354077506
1--5,0.275,pion,11.6125,0.35564062611255054
1--5,0.32499999999999996,kaon,0.9450000000000001,0.035175131854531
1--5,0.32499999999999996,pion,10.190000000000001,0.30963083709615136
1--5,0.32499999999999996,proton,0.253,0.029156411008290598
1--5,0.375,kaon,0.964,0.03274666090423009
1--5,0.375,pion,8.9345,0.27111806188991844
1--5,0.375,proton,0.2785,0.028113218242086634
1--5,0.42500000000000004,kaon,0.9615,0.03542998408226995
1--5,0.42500000000000004,pion,7.8260000000000005,0.2376031469178188
1--5,0.42500000000000004,proton,0.297,0.028071428224429516
1--5,0.475,kaon,0.9855,0.03429729734198335
1--5,0.475,pion,6.8355,0.20711833470121171
1--5,0.475,proton,0.3055,0.0165703210110805
1--5,0.525,kaon,0.98,0.05070085246599692
1--5,0.525,pion,5.9925,0.17913688744492534
1--5,0.525,proton,0.3145,0.0165703210110805
1--5,0.575,kaon,0.9404999999999999,0.05551259024695729
1--5,0.575,pion,5.223000000000001,0.15361727994440474
1--5,0.575,proton,0.3195,0.016126452950002892
1--5,0.625,kaon,0.8850000000000001,0.0608276253029822
1--5,0.625,pion,4.795,0.24581530782776748
1--5,0.625,proton,0.321,0.018172974693008992
1--5,0.675,kaon,0.835,0.061177727816929935
1--5,0.675,pion,4.175000000000001,0.21059409575678814
1--5,0.675,proton,0.3155,0.01718406500604645
1--5,0.725,kaon,0.7929999999999999,0.05968837498809999
1--5,0.725,pion,3.6900000000000004,0.1902629759044045
1--5,0.725,proton,0.308,0.016126452950002892
1--5,0.775,kaon,0.7355,0.05229528413447872
1--5,0.775,pion,3.26,0.17029386365926402
1--5,0.775,proton,0.3015,0.015135094603294798
1--5,0.825,kaon,0.6865,0.050153648536890985
1--5,0.825,pion,2.8850000000000002,0.1503329637837291
1--5,0.825,proton,0.2985,0.01718406500604645
1--5,0.875,kaon,0.6455,0.04776496711013123
1--5,0.875,pion,2.5650000000000004,0.130384048104053
1--5,0.875,proton,0.294,0.019105260759258308
1--5,0.925,kaon,0.5885,0.043158596584672804
1--5,0.925,pion,2.289,0.1184230008534578
1--5,0.925,proton,0.28,0.01817631341514752
1--5,0.975,kaon,0.5535000000000001,0.04044749683231337
1--5,0.975,pion,2.057,0.10638142299293535
1--5,0.975,proton,0.2665,0.01669051677065811
1--5,1.05,kaon,0.485,0.03535533905932738
1--5,1.05,pion,1.7245,0.0897008980923161
1--5,1.05,proton,0.2445,0.015133325560164024
1--5,1.15,kaon,0.40750000000000003,0.02971209459998578
1--5,1.15,pion,1.38,0.07167462045008074
1--5,1.15,proton,0.21650000000000003,0.013647541030848427
1--5,1.25,kaon,0.351,0.026076809620810597
1--5,1.25,pion,1.109,0.05863660259144231
1--5,1.25,proton,0.194,0.01216664316273243
1--5,1.35,kaon,0.2985,0.02258875739780246
1--5,1.35,pion,0.8975,0.047668141987726106
1--5,1.35,proton,0.172,0.01068918945734226
1--5,1.45,kaon,0.254,0.0191049731745428
1--5,1.45,pion,0.7335,0.03920459156782532
1--5,1.45,proton,0.148,0.00970879174223923
1--5,1.55,kaon,0.21600000000000003,0.017073314567275046
1--5,1.55,pion,0.601,0.03313608305156178
1--5,1.55,proton,0.1315,0.00864090110279572
1--5,1.65,kaon,0.1825,0.014534482612995553
1--5,1.65,pion,0.491,0.027663205547534847
1--5,1.65,proton,0.11099999999999999,0.0076586395315503975
1--5,1.75,kaon,0.1545,0.012539999694598798
1--5,1.75,pion,0.40800000000000003,0.023194827009486402
1--5,1.75,proton,0.098,0.0065769151710818475
1--5,1.85,kaon,0.1305,0.011045361017187262
1--5,1.85,pion,0.33799999999999997,0.01960236220839229
1--5,1.85,proton,0.08349999999999999,0.0055908910219455024
1--5,1.95,kaon,0.11149999999999999,0.01004987562112089
1--5,1.95,pion,0.27849999999999997,0.0161245154965971
1--5,1.95,proton,0.071,0.004611062569605223
1--5,2.1,kaon,0.08415,0.006129437168288781
1--5,2.1,pion,0.2133,0.010067894957698036
1--5,2.1,proton,0.056900000000000006,0.003559868021501115
1--5,2.3,kaon,0.061,0.004200983777868185
1--5,2.3,pion,0.15175,0.007175131879102401
1--5,2.3,proton,0.04240000000000001,0.0026969011437309853
1--5,2.5,kaon,0.045200000000000004,0.002942787793912432
1--5,2.5,pion,0.10955,0.005223983154643591
1--5,2.5,proton,0.03145,0.002137837891468452
1--5,2.7,kaon,0.033800000000000004,0.002716615541441225
1--5,2.7,pion,0.0803,0.004004996878900157
1--5,2.7,proton,0.02255,0.002246085406017743
1--5,2.9,kaon,0.02615,0.0025675930640316575
1--5,2.9,pion,0.0596,0.0029068883707497263
1--5,2.9,proton,0.01615,0.0026076809620810596
1--5,3.1,kaon,0.0203,0.0022588757397802453
1--5,3.1,pion,0.04465,0.0022022715545545243
1--5,3.1,proton,0.011800000000000001,0.0021592872572051757
1--5,3.3,kaon,0.01575,0.0017614006522449262
1--5,3.3,pion,0.034,0.0016530302953903899
1--5,3.3,proton,0.0089,0.0017029386365926401
1--5,3.5,kaon,0.012199999999999999,0.0013038404810405298
1--5,3.5,pion,0.026250000000000002,0.0013038404810405298
1--5,3.5,proton,0.00661,0.0011991768734646913
1--5,3.7,kaon,0.0097,0.0009055385138137418
1--5,3.7,pion,0.020460000000000002,0.000989103233738358
1--5,3.7,proton,0.00506,0.0008388237165232392
1--5,3.9,kaon,0.007645000000000001,0.0006449818127868075
1--5,3.9,pion,0.016045,0.0007741446893184762
1--5,3.9,proton,0.00386,0.0005880690948059198
1--5,4.25,kaon,0.005295,0.00039319206502675
1--5,4.25,pion,0.01089,0.0005215361924162119
1--5,4.25,proton,0.0024800000000000004,0.0003373801290721835
1--5,4.75,kaon,0.0032000000000000006,0.00020718475925876557
1--5,4.75,pion,0.0064150000000000006,0.0003114482300479487
1--5,4.75,proton,0.001365,0.00016620879132610397
1--5,5.5,kaon,0.0016150000000000001,9.708791742239229e-05
1--5,5.5,pion,0.00321,0.000161245154965971
1--5,5.5,proton,0.000615,6.576915171081848e-05
1--5,7.0,kaon,0.000537,3.863935817272331e-05
1--5,7.0,pion,0.0010600000000000002,5.5939734670303143e-05
1--5,7.0,proton,0.00016900000000000002,1.504219723741053e-05
1--5,9.0,kaon,0.00015000000000000001,1.4317821063276352e-05
1--5,9.0,pion,0.000291,1.6770748548865888e-05
1--5,9.0,proton,3.85e-05,3.6055512754639896e-06
1--5,12.5,kaon,3.47e-05,4.026241083247681e-06
1--5,12.5,pion,6.65e-05,4.1231056256176614e-06
1--5,12.5,proton,7.35e-06,9.219544457292886e-07
1--5,17.5,kaon,6.3e-06,8.544003745317531e-07
1--5,17.5,pion,1.1499999999999998e-05,8.944271909999157e-07
1--5,17.5,proton,1.15e-06,2.2360679774997894e-07
10--15,0.11,pion,9.77,0.7252761376382858
10--15,0.13,pion,10.305,0.43511530795064557
10--15,0.15000000000000002,pion,10.575000000000001,0.4151204819200988
10--15,0.16999999999999998,pion,10.55,0.4101219330881975
10--15,0.19,pion,10.325000000000001,0.40012505857541036
10--15,0.225,kaon,0.585,0.03861688231340217
10--15,0.225,pion,9.5975,0.37258590866694785
10--15,0.275,kaon,0.6535,0.03762085295697047
10--15,0.275,pion,8.560500000000001,0.2580697622006343
10--15,0.32499999999999996,kaon,0.7150000000000001,0.02612172241912102
10--15,0.32499999999999996,pion,7.4675,0.22358052603134665
10--15,0.32499999999999996,proton,0.20600000000000002,0.02308828043152619
10--15,0.375,kaon,0.7215,0.02458180119102049
10--15,0.375,pion,6.499,0.19406442913514207
10--15,0.375,proton,0.2245,0.022091470199913185
10--15,0.42500000000000004,kaon,0.7155,0.025179638950750226
10--15,0.42500000000000004,pion,5.6555,0.16957373604517145
10--15,0.42500000000000004,proton,0.2375,0.021095236638308153
10--15,0.475,kaon,0.718,0.024683665833045605
10--15,0.475,pion,4.883,0.14555497827074013
10--15,0.475,proton,0.24450000000000002,0.013039328697780085
10--15,0.525,kaon,0.7044999999999999,0.036124879263520884
10--15,0.525,pion,4.234999999999999,0.125064020452997
10--15,0.525,proton,0.25,0.013039328697780085
10--15,0.575,kaon,0.6619999999999999,0.03870726895845546
10--15,0.575,pion,3.6655,0.10557584466464595
10--15,0.575,proton,0.2485,0.011544140215763095
10--15,0.625,kaon,0.625,0.045398237851264664
10--15,0.625,pion,3.324,0.1697388216498013
10--15,0.625,proton,0.2495,0.014083055037694699
10--15,0.675,kaon,0.5815000000000001,0.041800162410619984
10--15,0.675,pion,2.8975,0.14821609782823858
10--15,0.675,proton,0.24,0.01308905348380441
10--15,0.725,kaon,0.542,0.03926351913897858
10--15,0.725,pion,2.521,0.1287195436595297
10--15,0.725,proton,0.234,0.012042772234369545
10--15,0.775,kaon,0.501,0.03628355212166108
10--15,0.775,pion,2.2005,0.11321667410656433
10--15,0.775,proton,0.226,0.011544140215763095
10--15,0.825,kaon,0.464,0.03380361041603425
10--15,0.825,pion,1.9345,0.09971317606848065
10--15,0.825,proton,0.22,0.012099153727576584
10--15,0.875,kaon,0.43200000000000005,0.03125699921617557
10--15,0.875,pion,1.7109999999999999,0.08820433451844327
10--15,0.875,proton,0.212,0.013590270217068124
10--15,0.925,kaon,0.3925,0.028779416792035394
10--15,0.925,pion,1.519,0.07823042886243178
10--15,0.925,proton,0.202,0.012597270508379102
10--15,0.975,kaon,0.35600000000000004,0.02574262474998008
10--15,0.975,pion,1.3525,0.06967963323190146
10--15,0.975,proton,0.1895,0.01216664316273243
10--15,1.05,kaon,0.312,0.02258875739780246
10--15,1.05,pion,1.1255000000000002,0.058576878166947066
10--15,1.05,proton,0.1705,0.010547618319154076
10--15,1.15,kaon,0.259,0.0191049731745428
10--15,1.15,pion,0.884,0.045598805710791585
10--15,1.15,proton,0.148,0.009552630379629154
10--15,1.25,kaon,0.22049999999999997,0.016031219541881397
10--15,1.25,pion,0.7050000000000001,0.037121422386541175
10--15,1.25,proton,0.13,0.008558821443217984
10--15,1.35,kaon,0.1865,0.014035668847618199
10--15,1.35,pion,0.5634999999999999,0.030149626863362672
10--15,1.35,proton,0.112,0.0070710678118654745
10--15,1.45,kaon,0.157,0.012041594578792296
10--15,1.45,pion,0.45399999999999996,0.02413498120124012
10--15,1.45,proton,0.09445,0.005836466237023847
10--15,1.55,kaon,0.1335,0.01004987562112089
10--15,1.55,pion,0.36750000000000005,0.02009975124224178
10--15,1.55,proton,0.08130000000000001,0.005219679970737842
10--15,1.65,kaon,0.11025000000000001,0.008751855262920261
10--15,1.65,pion,0.303,0.01711724276862369
10--15,1.65,proton,0.06915,0.004481357080221622
10--15,1.75,kaon,0.09245,0.007553816385137073
10--15,1.75,pion,0.24700000000000003,0.014142135623730949
10--15,1.75,proton,0.05925,0.0038451323071016247
10--15,1.85,kaon,0.07794999999999999,0.0065620118866091676
10--15,1.85,pion,0.201,0.011543477797989778
10--15,1.85,proton,0.04875,0.003201953580284097
10--15,1.95,kaon,0.06515,0.005713734733996892
10--15,1.95,pion,0.166,0.009552630379629154
10--15,1.95,proton,0.04235,0.0028022363942238494
10--15,2.1,kaon,0.04915,0.003622154055254967
10--15,2.1,pion,0.1264,0.005913543776789008
10--15,2.1,proton,0.032799999999999996,0.002050176049193525
10--15,2.3,kaon,0.0352,0.0024824513961768605
10--15,2.3,pion,0.0891,0.004169235303377497
10--15,2.3,proton,0.0239,0.001529832082968803
10--15,2.5,kaon,0.026050000000000004,0.0017262676501632068
10--15,2.5,pion,0.0635,0.003020755938210289
10--15,2.5,proton,0.0174,0.0011774828382175966
10--15,2.7,kaon,0.0195,0.0015132745950421555
10--15,2.7,pion,0.0463,0.0023021728866442675
10--15,2.7,proton,0.011800000000000001,0.0012855490470489658
10--15,2.9,kaon,0.015050000000000001,0.001414213562373095
10--15,2.9,pion,0.034100000000000005,0.0017029386365926401
10--15,2.9,proton,0.008400000000000001,0.00140356688476182
10--15,3.1,kaon,0.01165,0.0012041594578792293
10--15,3.1,pion,0.025425,0.0012332882874656682
10--15,3.1,proton,0.00605,0.0012041594578792293
10--15,3.3,kaon,0.00905,0.001004987562112089
10--15,3.3,pion,0.019264999999999997,0.0009284531143869405
10--15,3.3,proton,0.004475,0.0009085291375874319
10--15,3.5,kaon,0.006985000000000001,0.0007045575132941702
10--15,3.5,pion,0.014830000000000003,0.0007134423592694789
10--15,3.5,proton,0.00332,0.0006428063471995279
10--15,3.7,kaon,0.00553,0.0005048781269399667
10--15,3.7,pion,0.0115,0.0005532630477449222
10--15,3.7,proton,0.0025700000000000002,0.0004577393344786209
10--15,3.9,kaon,0.0043300000000000005,0.00036003568495459367
10--15,3.9,pion,0.00898,0.0004328972164382672
10--15,3.9,proton,0.00199,0.000322490309931942
10--15,4.25,kaon,0.002955,0.00021213203435596428
10--15,4.25,pion,0.00608,0.00029154759474226506
10--15,4.25,proton,0.001255,0.00018110770276274834
10--15,4.75,kaon,0.0017500000000000003,0.0001118033988749895
10--15,4.75,pion,0.0035600000000000002,0.0001711724276862369
10--15,4.75,proton,0.00067,8.558821443217984e-05
10--15,5.5,kaon,0.000905,5.099019513592785e-05
10--15,5.5,pion,0.00179,9.055385138137417e-05
10--15,5.5,proton,0.000304,3.4223682751142786e-05
10--15,7.0,kaon,0.000299,2.137755832643195e-05
10--15,7.0,pion,0.0005795,3.0907224793853136e-05
10--15,7.0,proton,8.05e-05,8.079888425590721e-06
10--15,9.0,kaon,8.55e-05,8.246211251235323e-06
10--15,9.0,pion,0.00015950000000000003,9.219544457292887e-06
10--15,9.0,proton,1.8e-05,2.2360679774997904e-06
10--15,12.5,kaon,1.92e-05,2.1360471342831327e-06
10--15,12.5,pion,3.49e-05,2.308679276123039e-06
10--15,12.5,proton,3.1e-06,4.6213203435596426e-07
10--15,17.5,kaon,3.3999999999999996e-06,4.928650381067041e-07
10--15,17.5,pion,5.949999999999999e-06,4.4721359549995787e-07
10--15,17.5,proton,4.2999999999999996e-07,1.193422970271215e-07
15--20,0.11,pion,8.665,0.6451985597404357
15--20,0.13,pion,9.15,0.38513039759778983
15--20,0.15000000000000002,pion,9.39,0.3651369862869086
15--20,0.16999999999999998,pion,9.425,0.370135110466435
15--20,0.19,pion,9.22,0.36013896923333344
15--20,0.225,kaon,0.536,0.035626759359146595
15--20,0.225,pion,8.577,0.33359594878485954
15--20,0.275,kaon,0.5885,0.033635524624951924
15--20,0.275,pion,7.656000000000001,0.2315777439877617
15--20,0.32499999999999996,kaon,0.644,0.023585297221171718
15--20,0.32499999999999996,pion,6.6785,0.19956265034444765
15--20,0.32499999999999996,proton,0.189,0.021096979716929712
15--20,0.375,kaon,0.6515,0.021593272001736087
15--20,0.375,pion,5.795999999999999,0.17357203653589998
15--20,0.375,proton,0.20700000000000002,0.02010074615532468
15--20,0.42500000000000004,kaon,0.6405000000000001,0.02258910613365679
15--20,0.42500000000000004,pion,5.0205,0.15005332622317083
15--20,0.42500000000000004,proton,0.21800000000000003,0.019105260759258308
15--20,0.475,kaon,0.6395,0.022204015222541416
15--20,0.475,pion,4.324,0.12906200432588494
15--20,0.475,proton,0.22305,0.011789102599043018
15--20,0.525,kaon,0.621,0.0316013379041538
15--20,0.525,pion,3.7445,0.11057241149265298
15--20,0.525,proton,0.2275,0.011544140215763095
15--20,0.575,kaon,0.5825,0.03368528429440458
15--20,0.575,pion,3.221,0.09256707967748017
15--20,0.575,proton,0.2275,0.010548489858464856
15--20,0.625,kaon,0.5465,0.03931941226748317
15--20,0.625,pion,2.9045,0.14821606833761553
15--20,0.625,proton,0.22549999999999998,0.012593748320459106
15--20,0.675,kaon,0.508,0.03671856434220323
15--20,0.675,pion,2.521,0.12918979424112864
15--20,0.675,proton,0.218,0.011544140215763095
15--20,0.725,kaon,0.475,0.034731157722432224
15--20,0.725,pion,2.1955,0.11221855413147325
15--20,0.725,proton,0.20950000000000002,0.010548489858464856
15--20,0.775,kaon,0.437,0.03175301510468488
15--20,0.775,pion,1.916,0.09868257659898394
15--20,0.775,proton,0.2015,0.010548489858464856
15--20,0.825,kaon,0.402,0.02927456233660889
15--20,0.825,pion,1.671,0.08620907634679127
15--20,0.825,proton,0.196,0.011045735099956593
15--20,0.875,kaon,0.371,0.027230421771162305
15--20,0.875,pion,1.4740000000000002,0.07616429609731847
15--20,0.875,proton,0.189,0.012099153727576584
15--20,0.925,kaon,0.3395,0.02418677324489565
15--20,0.925,pion,1.3005,0.06668771555122747
15--20,0.925,proton,0.1785,0.011107700340858666
15--20,0.975,kaon,0.308,0.02220360331117452
15--20,0.975,pion,1.1585,0.05970972913315566
15--20,0.975,proton,0.1665,0.01061510775430992
15--20,1.05,kaon,0.2685,0.0191049731745428
15--20,1.05,pion,0.9625,0.049590834990003545
15--20,1.05,proton,0.1475,0.009552630379629154
15--20,1.15,kaon,0.222,0.0161245154965971
15--20,1.15,pion,0.7515000000000001,0.038616725768153864
15--20,1.15,proton,0.12890000000000001,0.008310879056674098
15--20,1.25,kaon,0.188,0.014035668847618199
15--20,1.25,pion,0.594,0.031144823004794875
15--20,1.25,proton,0.1119,0.006866074402608915
15--20,1.35,kaon,0.1575,0.012041594578792296
15--20,1.35,pion,0.47450000000000003,0.025079872407968908
15--20,1.35,proton,0.0948,0.005976010645381967
15--20,1.45,kaon,0.13245,0.010000126249202745
15--20,1.45,pion,0.3785,0.02009975124224178
15--20,1.45,proton,0.0802,0.005080633233944202
15--20,1.55,kaon,0.10905000000000001,0.00844808342221998
15--20,1.55,pion,0.3085,0.01711724276862369
15--20,1.55,proton,0.06820000000000001,0.004374131311422865
15--20,1.65,kaon,0.092,0.007305651096421006
15--20,1.65,pion,0.2515,0.014142135623730949
15--20,1.65,proton,0.0578,0.0037168167713868727
15--20,1.75,kaon,0.077,0.006300995183479043
15--20,1.75,pion,0.203,0.01216552506059644
15--20,1.75,proton,0.0495,0.003238068308674928
15--20,1.85,kaon,0.0645,0.005508407459109287
15--20,1.85,pion,0.1665,0.009552630379629154
15--20,1.85,proton,0.0407,0.0026800186566514794
15--20,1.95,kaon,0.0539,0.004759720362315388
15--20,1.95,pion,0.137,0.00806225774829855
15--20,1.95,proton,0.03425,0.0022461121789081858
15--20,2.1,kaon,0.03995,0.0029274562336608894
15--20,2.1,pion,0.1043,0.00486646862641483
15--20,2.1,proton,0.0267,0.0016868073727682067
15--20,2.3,kaon,0.028800000000000003,0.002039607805437114
15--20,2.3,pion,0.07305,0.0034132096331752023
15--20,2.3,proton,0.0191,0.0012371709157558857
15--20,2.5,kaon,0.021249999999999998,0.0014317821063276352
15--20,2.5,pion,0.05185,0.0024186773244895647
15--20,2.5,proton,0.01405,0.0009708791742239228
15--20,2.7,kaon,0.0156,0.001216552506059644
15--20,2.7,pion,0.03765,0.001902629759044045
15--20,2.7,proton,0.009899999999999999,0.001019803902718557
15--20,2.9,kaon,0.01195,0.001118033988749895
15--20,2.9,pion,0.02785,0.0013583340943760123
15--20,2.9,proton,0.0069,0.001104536101718726
15--20,3.1,kaon,0.009300000000000001,0.001004987562112089
15--20,3.1,pion,0.020720000000000002,0.0010031948963187562
15--20,3.1,proton,0.00493,0.000929368191007388
15--20,3.3,kaon,0.007265000000000001,0.0007702761461392358
15--20,3.3,pion,0.015700000000000002,0.0007532595834106593
15--20,3.3,proton,0.00364,0.0007283716296741186
15--20,3.5,kaon,0.005605000000000001,0.0005593973467030314
15--20,3.5,pion,0.011960000000000002,0.0005731491952362841
15--20,3.5,proton,0.00264,0.0005135172830587107
15--20,3.7,kaon,0.004455000000000001,0.0003945883931389772
15--20,3.7,pion,0.009309999999999999,0.00044780052670828077
15--20,3.7,proton,0.00197,0.00035786696799194786
15--20,3.9,kaon,0.0035000000000000005,0.0002795099287107388
15--20,3.9,pion,0.007285,0.00035355339059327376
15--20,3.9,proton,0.0014750000000000002,0.00024824513961768603
15--20,4.25,kaon,0.00242,0.00017262676501632072
15--20,4.25,pion,0.00491,0.00023194827009486403
15--20,4.25,proton,0.000925,0.0001414213562373095
15--20,4.75,kaon,0.001445,9.219544457292888e-05
15--20,4.75,pion,0.00285,0.0001414213562373095
15--20,4.75,proton,0.000505,7.071067811865475e-05
15--20,5.5,kaon,0.0007355,4.366077319956702e-05
15--20,5.5,pion,0.0014295000000000002,7.071067811865475e-05
15--20,5.5,proton,0.00022899999999999998,2.7170980750065666e-05
15--20,7.0,kaon,0.0002385,1.6978335849521813e-05
15--20,7.0,pion,0.0004615,2.4824513961768603e-05
15--20,7.0,proton,6.3e-05,6.324555320336759e-06
15--20,9.0,kaon,6.500000000000001e-05,6.324555320336759e-06
15--20,9.0,pion,0.000125,7.280109889280518e-06
15--20,9.0,proton,1.4649999999999999e-05,1.6401219466856725e-06
15--20,12.5,kaon,1.5e-05,1.7557881933977502e-06
15--20,12.5,pion,2.745e-05,1.8027756377319944e-06
15--20,12.5,proton,2.85e-06,4.242640687119285e-07
15--20,17.5,kaon,2.55e-06,3.6055512754639893e-07
15--20,17.5,pion,4.45e-06,3.6055512754639893e-07
15--20,17.5,proton,4.1499999999999994e-07,1.09787669653388e-07
20--30,0.11,pion,7.352,0.5475914099368739
20--30,0.13,pion,7.791500000000001,0.3276240802623551
20--30,0.15000000000000002,pion,8.0505,0.3151285503771025
20--30,0.16999999999999998,pion,8.073,0.3156283444646096
20--30,0.19,pion,7.918,0.31160277132607417
20--30,0.225,kaon,0.46499999999999997,0.03056566139563003
20--30,0.225,pion,7.388,0.28804340421566743
20--30,0.275,kaon,0.5135000000000001,0.029568205912562283
20--30,0.275,pion,6.609999999999999,0.2005398985120183
20--30,0.32499999999999996,kaon,0.5615000000000001,0.020524506567992845
20--30,0.32499999999999996,pion,5.757999999999999,0.1730260104742386
20--30,0.32499999999999996,proton,0.1685,0.01856312132580519
20--30,0.375,kaon,0.562,0.019026370385910367
20--30,0.375,pion,4.987,0.15002999833319275
20--30,0.375,proton,0.184,0.017528758566160922
20--30,0.42500000000000004,kaon,0.554,0.019063753809780863
20--30,0.42500000000000004,pion,4.298500000000001,0.12903488110031716
20--30,0.42500000000000004,proton,0.192,0.017029487959600673
20--30,0.475,kaon,0.549,0.019105260759258308
20--30,0.475,pion,3.68,0.11004090486410116
20--30,0.475,proton,0.19775,0.0102739093757464
20--30,0.525,kaon,0.531,0.027074073658023497
20--30,0.525,pion,3.1734999999999998,0.09402128381794059
20--30,0.525,proton,0.2016,0.01012804667908885
20--30,0.575,kaon,0.49450000000000005,0.02857011070136683
20--30,0.575,pion,2.7225,0.07902532862121273
20--30,0.575,proton,0.19890000000000002,0.009426386617022279
20--30,0.625,kaon,0.45699999999999996,0.03313608305156178
20--30,0.625,pion,2.4444999999999997,0.1246003627706456
20--30,0.625,proton,0.19755,0.01069252074011538
20--30,0.675,kaon,0.426,0.030647224934078773
20--30,0.675,pion,2.1055,0.10761623882077662
20--30,0.675,proton,0.19005,0.010144912111441574
20--30,0.725,kaon,0.3935,0.028614569694077354
20--30,0.725,pion,1.8225,0.09358552482475727
20--30,0.725,proton,0.18135,0.009344442154595291
20--30,0.775,kaon,0.362,0.0261246571387077
20--30,0.775,pion,1.5845000000000002,0.08159810414942838
20--30,0.775,proton,0.1735,0.00879148215361591
20--30,0.825,kaon,0.3325,0.024083189157584593
20--30,0.825,pion,1.383,0.07111260904055611
20--30,0.825,proton,0.16625,0.009248976162659062
20--30,0.875,kaon,0.3025,0.022090722034374524
20--30,0.875,pion,1.214,0.06262787733819139
20--30,0.875,proton,0.1602,0.010293948683827549
20--30,0.925,kaon,0.2785,0.02009975124224178
20--30,0.925,pion,1.0675,0.055081757415681644
20--30,0.925,proton,0.15005,0.009393385502812922
20--30,0.975,kaon,0.252,0.018110770276274835
20--30,0.975,pion,0.94,0.04859270473008925
20--30,0.975,proton,0.1405,0.008558821443217984
20--30,1.05,kaon,0.2175,0.016031219541881397
20--30,1.05,pion,0.776,0.04004996878900157
20--30,1.05,proton,0.12345,0.007736439858090561
20--30,1.15,kaon,0.17880000000000001,0.012988557787089353
20--30,1.15,pion,0.6040000000000001,0.031064449134018138
20--30,1.15,proton,0.1058,0.006637151965353612
20--30,1.25,kaon,0.1491,0.011029054928622606
20--30,1.25,pion,0.475,0.025079872407968908
20--30,1.25,proton,0.09040000000000001,0.005687274732726708
20--30,1.35,kaon,0.12465,0.009326309899484929
20--30,1.35,pion,0.377,0.02009975124224178
20--30,1.35,proton,0.07619999999999999,0.004794267866364202
20--30,1.45,kaon,0.10345,0.007823046646485378
20--30,1.45,pion,0.3005,0.016077867519239248
20--30,1.45,proton,0.0645,0.004094367740776376
20--30,1.55,kaon,0.08615,0.006677014316924606
20--30,1.55,pion,0.244,0.013038404810405298
20--30,1.55,proton,0.05425,0.003486228944329612
20--30,1.65,kaon,0.0713,0.005681771544247165
20--30,1.65,pion,0.197,0.011045361017187262
20--30,1.65,proton,0.044950000000000004,0.0028359852763711457
20--30,1.75,kaon,0.05945,0.004875707773607681
20--30,1.75,pion,0.1585,0.009055385138137417
20--30,1.75,proton,0.0382,0.0024910819824802482
20--30,1.85,kaon,0.0502,0.004229657196511321
20--30,1.85,pion,0.13010000000000002,0.007492831807812295
20--30,1.85,proton,0.0314,0.0020500058629971366
20--30,1.95,kaon,0.0421,0.003684093654798072
20--30,1.95,pion,0.10655,0.006090363948709541
20--30,1.95,proton,0.02645,0.001746575570852821
20--30,2.1,kaon,0.031,0.0022588757397802453
20--30,2.1,pion,0.08065,0.003755330490408935
20--30,2.1,proton,0.02025,0.0012261001975812642
20--30,2.3,kaon,0.0222,0.0015628630723509328
20--30,2.3,pion,0.05625,0.0026076809620810596
20--30,2.3,proton,0.0145,0.0009222125139210446
20--30,2.5,kaon,0.0162,0.001019803902718557
20--30,2.5,pion,0.04,0.00191049731745428
20--30,2.5,proton,0.0104,0.0006576915171081848
20--30,2.7,kaon,0.01205,0.0009055385138137418
20--30,2.7,pion,0.028815,0.0014317122615944869
20--30,2.7,proton,0.007050000000000001,0.0007280109889280518
20--30,2.9,kaon,0.009275000000000002,0.0008398364645046978
20--30,2.9,pion,0.02107,0.0010317462567020089
20--30,2.9,proton,0.004875000000000001,0.0008238937692311521
20--30,3.1,kaon,0.00725,0.0007233954219807216
20--30,3.1,pion,0.015775,0.0007616429609731847
20--30,3.1,proton,0.003435,0.0006876228547359762
20--30,3.3,kaon,0.00563,0.0005681771544247165
20--30,3.3,pion,0.0119,0.0005714017850864662
20--30,3.3,proton,0.0024850000000000002,0.0005315072906367324
20--30,3.5,kaon,0.004355,0.00041800162410619986
20--30,3.5,pion,0.009125000000000001,0.00044181444068749047
20--30,3.5,proton,0.0018150000000000002,0.0003761982974581651
20--30,3.7,kaon,0.0034100000000000003,0.00029770027118726007
20--30,3.7,pion,0.007,0.00033634089691656903
20--30,3.7,proton,0.0013700000000000001,0.00026172504656604803
20--30,3.9,kaon,0.0026500000000000004,0.00020718475925876557
20--30,3.9,pion,0.005445,0.00026172504656604803
20--30,3.9,proton,0.0010400000000000001,0.00018110770276274834
20--30,4.25,kaon,0.00181,0.0001216552506059644
20--30,4.25,pion,0.0036899999999999997,0.00018110770276274834
20--30,4.25,proton,0.00067,0.0001004987562112089
20--30,4.75,kaon,0.0010700000000000002,6.576915171081848e-05
20--30,4.75,pion,0.0021650000000000003,0.0001004987562112089
20--30,4.75,proton,0.00036800000000000005,4.9648766349225645e-05
20--30,5.5,kaon,0.0005395,3.157530680769389e-05
20--30,5.5,pion,0.001072,5.23450093132096e-05
20--30,5.5,proton,0.00016800000000000002,1.990628294665937e-05
20--30,7.0,kaon,0.0001755,1.2165525060596441e-05
20--30,7.0,pion,0.00034050000000000004,1.8110770276274833e-05
20--30,7.0,proton,4.75e-05,4.928650381067042e-06
20--30,9.0,kaon,4.9e-05,4.1231056256176614e-06
20--30,9.0,pion,9.350000000000001e-05,5.099019513592786e-06
20--30,9.0,proton,1.14e-05,1.16619037896906e-06
20--30,12.5,kaon,1.0650000000000001e-05,1.202543244583245e-06
20--30,12.5,pion,1.9999999999999998e-05,1.312529057470448e-06
20--30,12.5,proton,2.1499999999999997e-06,2.82842712474619e-07
20--30,17.5,kaon,1.95e-06,2.2360679774997894e-07
20--30,17.5,pion,3.45e-06,2.2360679774997894e-07
20--30,17.5,proton,3.45e-07,7.211102550927978e-08
30--40,0.11,pion,5.9275,0.4410919334791179
30--40,0.13,pion,6.313000000000001,0.2676200018866846
30--40,0.15000000000000002,pion,6.5215000000000005,0.2571244853530177
30--40,0.16999999999999998,pion,6.586,0.25962328889457326
30--40,0.19,pion,6.489000000000001,0.2566248060602437
30--40,0.225,kaon,0.393,0.02607692257466534
30--40,0.225,pion,6.077500000000001,0.23855241089957005
30--40,0.275,kaon,0.42850000000000005,0.024582347387868145
30--40,0.275,pion,5.4544999999999995,0.16702694489996317
30--40,0.32499999999999996,kaon,0.46599999999999997,0.017029487959600673
30--40,0.32499999999999996,pion,4.746,0.1440312481160265
30--40,0.32499999999999996,proton,0.14600000000000002,0.016031712612469072
30--40,0.375,kaon,0.4665,0.016031341372149656
30--40,0.375,pion,4.0945,0.12403628737197586
30--40,0.375,proton,0.1565,0.014534812176143348
30--40,0.42500000000000004,kaon,0.458,0.016031341372149656
30--40,0.42500000000000004,pion,3.5205,0.1065303522619502
30--40,0.42500000000000004,proton,0.16499999999999998,0.014035850594389103
30--40,0.475,kaon,0.4485,0.015628630723509326
30--40,0.475,pion,3.0,0.09052209742400202
30--40,0.475,proton,0.1679,0.008624767688293858
30--40,0.525,kaon,0.4305,0.022055294401429514
30--40,0.525,pion,2.569,0.07652614937006771
30--40,0.525,proton,0.17004999999999998,0.008475137602131082
30--40,0.575,kaon,0.3975,0.02308679276123039
30--40,0.575,pion,2.1895,0.06403127287698
30--40,0.575,proton,0.16705,0.007827108136765877
30--40,0.625,kaon,0.36750000000000005,0.02662323869898329
30--40,0.625,pion,1.9555,0.09958037157687477
30--40,0.625,proton,0.16535,0.009100192643306453
30--40,0.675,kaon,0.3375,0.02458153078277675
30--40,0.675,pion,1.6775,0.08559351929907139
30--40,0.675,proton,0.15745,0.008343732310813168
30--40,0.725,kaon,0.309,0.02258875739780246
30--40,0.725,pion,1.444,0.07410804891411929
30--40,0.725,proton,0.14935,0.007692667272881493
30--40,0.775,kaon,0.28450000000000003,0.020597387175985384
30--40,0.775,pion,1.2429999999999999,0.06357083102172564
30--40,0.775,proton,0.14075,0.007090052811132717
30--40,0.825,kaon,0.261,0.0191049731745428
30--40,0.825,pion,1.0765,0.05558102849346072
30--40,0.825,proton,0.1348,0.007647437290310812
30--40,0.875,kaon,0.23600000000000002,0.01711724276862369
30--40,0.875,pion,0.94,0.048093658625644194
30--40,0.875,proton,0.12719999999999998,0.008035079944751595
30--40,0.925,kaon,0.2145,0.015628630723509326
30--40,0.925,pion,0.8194999999999999,0.0421070065428546
30--40,0.925,proton,0.1199,0.0074930067437691565
30--40,0.975,kaon,0.19399999999999998,0.014088902235674574
30--40,0.975,pion,0.718,0.037121422386541175
30--40,0.975,proton,0.11015000000000001,0.0069155731303690345
30--40,1.05,kaon,0.1663,0.012037648625435621
30--40,1.05,pion,0.5900000000000001,0.030541358797643733
30--40,1.05,proton,0.0959,0.005980279034525093
30--40,1.15,kaon,0.13515,0.009832602209210353
30--40,1.15,pion,0.4545,0.023021728866442676
30--40,1.15,proton,0.0811,0.0050359986187153444
30--40,1.25,kaon,0.11045,0.008172063468299625
30--40,1.25,pion,0.3535,0.019026297590440448
30--40,1.25,proton,0.0683,0.004285476329637871
30--40,1.35,kaon,0.09135,0.006826424925952987
30--40,1.35,pion,0.27899999999999997,0.015033296378372907
30--40,1.35,proton,0.057150000000000006,0.0035852087165015433
30--40,1.45,kaon,0.0756,0.005721894474939696
30--40,1.45,pion,0.22100000000000003,0.012041594578792296
30--40,1.45,proton,0.04755,0.003041559739402954
30--40,1.55,kaon,0.061700000000000005,0.004776246162022026
30--40,1.55,pion,0.1765,0.01004987562112089
30--40,1.55,proton,0.03945,0.0025319961593884936
30--40,1.65,kaon,0.0514,0.004080752079880975
30--40,1.65,pion,0.14065,0.00785779634875822
30--40,1.65,proton,0.032600000000000004,0.0020888583806972748
30--40,1.75,kaon,0.04235,0.003473115772243223
30--40,1.75,pion,0.11475,0.0065490571270383525
30--40,1.75,proton,0.02715,0.0017358954755342742
30--40,1.85,kaon,0.03545,0.003026549190084311
30--40,1.85,pion,0.09305000000000001,0.005346026561849464
30--40,1.85,proton,0.02255,0.0014319361302452345
30--40,1.95,kaon,0.029500000000000002,0.002581193533913807
30--40,1.95,pion,0.07635,0.004341658669218482
30--40,1.95,proton,0.018349999999999998,0.001188553556392218
30--40,2.1,kaon,0.022150000000000003,0.0016124515496597099
30--40,2.1,pion,0.057300000000000004,0.0027073972741361767
30--40,2.1,proton,0.014100000000000001,0.0008732877854264105
30--40,2.3,kaon,0.015649999999999997,0.001118033988749895
30--40,2.3,pion,0.0396,0.0018607871725408818
30--40,2.3,proton,0.009899999999999999,0.0006576915171081848
30--40,2.5,kaon,0.011300000000000001,0.0007280109889280518
30--40,2.5,pion,0.028200000000000003,0.0013152946437965907
30--40,2.5,proton,0.007050000000000001,0.0004611062569605223
30--40,2.7,kaon,0.008320000000000001,0.0006527063557631807
30--40,2.7,pion,0.02006,0.0009968074490992241
30--40,2.7,proton,0.00465,0.0005099019513592785
30--40,2.9,kaon,0.006445,0.0005805389519892522
30--40,2.9,pion,0.014735000000000002,0.0007217343555840192
30--40,2.9,proton,0.00333,0.0005632051136131489
30--40,3.1,kaon,0.004955000000000001,0.00049366129868924
30--40,3.1,pion,0.010825000000000001,0.0005215361924162119
30--40,3.1,proton,0.00232,0.00046270941205037093
30--40,3.3,kaon,0.00381,0.000388233711480743
30--40,3.3,pion,0.008120000000000002,0.00039204591567825316
30--40,3.3,proton,0.00166,0.0003572468523008337
30--40,3.5,kaon,0.0029649999999999998,0.000282842712474619
30--40,3.5,pion,0.0062450000000000006,0.00030149626863362674
30--40,3.5,proton,0.001195,0.00025179356624028344
30--40,3.7,kaon,0.00236,0.00020223748416156684
30--40,3.7,pion,0.0048200000000000005,0.00023194827009486403
30--40,3.7,proton,0.0009,0.00018110770276274834
30--40,3.9,kaon,0.001825,0.0001414213562373095
30--40,3.9,pion,0.0037549999999999997,0.00018110770276274834
30--40,3.9,proton,0.00068,0.0001216552506059644
30--40,4.25,kaon,0.00123,8.06225774829855e-05
30--40,4.25,pion,0.00252,0.00012041594578792296
30--40,4.25,proton,0.00042350000000000005,6.972101961420655e-05
30--40,4.75,kaon,0.0007225,4.442139420937442e-05
30--40,4.75,pion,0.0014635000000000004,7.113848351767449e-05
30--40,4.75,proton,0.0002295,3.255764119219942e-05
30--40,5.5,kaon,0.00036700000000000003,2.1587033144922904e-05
30--40,5.5,pion,0.000719,3.535533905932738e-05
30--40,5.5,proton,0.00010550000000000002,1.3341664064126335e-05
30--40,7.0,kaon,0.00011800000000000001,8.246211251235323e-06
30--40,7.0,pion,0.0002275,1.2165525060596441e-05
30--40,7.0,proton,2.85e-05,3.1622776601683796e-06
30--40,9.0,kaon,3.28e-05,3.056578365275135e-06
30--40,9.0,pion,6.185e-05,3.6623286314872124e-06
30--40,9.0,proton,6.55e-06,7.810249675906655e-07
30--40,12.5,kaon,7.55e-06,8.544003745317531e-07
30--40,12.5,pion,1.3599999999999999e-05,9.486832980505138e-07
30--40,12.5,proton,1.2499999999999999e-06,2.5322475511229897e-07
30--40,17.5,kaon,1.29e-06,1.7925207717610862e-07
30--40,17.5,pion,2.1499999999999997e-06,1.7755639620603223e-07
30--40,17.5,proton,1.8e-07,5.4154759474226493e-08
40--50,0.11,pion,4.8025,0.3580894587242684
40--50,0.13,pion,5.137499999999999,0.2216108803880023
40--50,0.15000000000000002,pion,5.359,0.21561365973310503
40--50,0.16999999999999998,pion,5.413,0.21761261511843566
40--50,0.19,pion,5.349,0.21561370863870222
40--50,0.225,kaon,0.3305,0.022090907935479687
40--50,0.225,pion,5.0305,0.20103980099385485
40--50,0.275,kaon,0.36050000000000004,0.02105654517583542
40--50,0.275,pion,4.538500000000001,0.14303146660769162
40--50,0.32499999999999996,kaon,0.38849999999999996,0.015033444194749798
40--50,0.32499999999999996,pion,3.9525,0.12353643247008002
40--50,0.32499999999999996,proton,0.1255,0.013537445478582603
40--50,0.375,kaon,0.388,0.013537036829011749
40--50,0.375,pion,3.4005,0.10601886792408009
40--50,0.375,proton,0.133,0.01254051493240273
40--50,0.42500000000000004,kaon,0.38,0.013537036829011749
40--50,0.42500000000000004,pion,2.9085,0.09002222222120658
40--50,0.42500000000000004,proton,0.1396,0.011788372182176616
40--50,0.475,kaon,0.368,0.013091865101261622
40--50,0.475,pion,2.4675000000000002,0.07652614044079985
40--50,0.475,proton,0.1431,0.00742056130574446
40--50,0.525,kaon,0.35150000000000003,0.018027841978183426
40--50,0.525,pion,2.1005000000000003,0.06403124999441706
40--50,0.525,proton,0.14340000000000003,0.007175791930609576
40--50,0.575,kaon,0.323,0.019065635382491626
40--50,0.575,pion,1.7750000000000001,0.05303773583472797
40--50,0.575,proton,0.13955,0.006627618186076767
40--50,0.625,kaon,0.297,0.021592872572051756
40--50,0.625,pion,1.5755000000000001,0.08057746776513167
40--50,0.625,proton,0.13725,0.007543467675657256
40--50,0.675,kaon,0.273,0.02009975124224178
40--50,0.675,pion,1.3395000000000001,0.06856566545014729
40--50,0.675,proton,0.12995,0.006936166167282261
40--50,0.725,kaon,0.247,0.018110770276274835
40--50,0.725,pion,1.143,0.05907622195096772
40--50,0.725,proton,0.1218,0.006289987154206098
40--50,0.775,kaon,0.22499999999999998,0.0161245154965971
40--50,0.775,pion,0.9785,0.05058903912162599
40--50,0.775,proton,0.1143,0.00579338243536194
40--50,0.825,kaon,0.203,0.015132745950421555
40--50,0.825,pion,0.8465,0.043603339133452254
40--50,0.825,proton,0.10985,0.00624523876562923
40--50,0.875,kaon,0.184,0.013095675624185604
40--50,0.875,pion,0.7335,0.03808541614298636
40--50,0.875,proton,0.10170000000000001,0.006443796215832529
40--50,0.925,kaon,0.167,0.012041594578792296
40--50,0.925,pion,0.6365000000000001,0.03306055050963308
40--50,0.925,proton,0.0947,0.005935721066027045
40--50,0.975,kaon,0.1495,0.011045361017187262
40--50,0.975,pion,0.552,0.02857011070136683
40--50,0.975,proton,0.08625,0.0054023143985045
40--50,1.05,kaon,0.12714999999999999,0.009230654554021816
40--50,1.05,pion,0.4505,0.023021728866442676
40--50,1.05,proton,0.07425,0.004627208153396287
40--50,1.15,kaon,0.10200000000000001,0.0074741230998494525
40--50,1.15,pion,0.34199999999999997,0.01802775637731995
40--50,1.15,proton,0.06105,0.003832842621613262
40--50,1.25,kaon,0.08295,0.006174711050099358
40--50,1.25,pion,0.2665,0.014035668847618199
40--50,1.25,proton,0.05135000000000001,0.0032315586227861137
40--50,1.35,kaon,0.06785000000000001,0.005074694500344014
40--50,1.35,pion,0.20650000000000002,0.011045361017187262
40--50,1.35,proton,0.042300000000000004,0.002630766068432739
40--50,1.45,kaon,0.055349999999999996,0.004219004621945798
40--50,1.45,pion,0.16215000000000002,0.008906333910854995
40--50,1.45,proton,0.03475,0.0021870656557114324
40--50,1.55,kaon,0.045200000000000004,0.003522782990761708
40--50,1.55,pion,0.12925,0.007156814934033155
40--50,1.55,proton,0.02855,0.0018249030281651706
40--50,1.65,kaon,0.03685,0.0029274562336608894
40--50,1.65,pion,0.1031,0.005805389519892522
40--50,1.65,proton,0.02305,0.0014807439802027355
40--50,1.75,kaon,0.03055,0.0025248667213186335
40--50,1.75,pion,0.08275,0.004751841748206689
40--50,1.75,proton,0.0191,0.0012371709157558857
40--50,1.85,kaon,0.02535,0.002129538088101419
40--50,1.85,pion,0.06665,0.003847076812334269
40--50,1.85,proton,0.015649999999999997,0.001044429361574826
40--50,1.95,kaon,0.020900000000000002,0.001824828759089466
40--50,1.95,pion,0.05445,0.003140063693621517
40--50,1.95,proton,0.0124,0.0008395107498276426
40--50,2.1,kaon,0.0155,0.001118033988749895
40--50,2.1,pion,0.0409,0.00191049731745428
40--50,2.1,proton,0.009500000000000001,0.0006203658925317489
40--50,2.3,kaon,0.01095,0.0008246211251235322
40--50,2.3,pion,0.028050000000000002,0.0013038404810405298
40--50,2.3,proton,0.006699999999999999,0.0004123105625617661
40--50,2.5,kaon,0.0078,0.0005099019513592785
40--50,2.5,pion,0.0197,0.0009055385138137418
40--50,2.5,proton,0.00472,0.00032767731845757955
40--50,2.7,kaon,0.005865,0.00045213469539050785
40--50,2.7,pion,0.014015000000000001,0.0006967963323190145
40--50,2.7,proton,0.0030950000000000005,0.0003420526275297414
40--50,2.9,kaon,0.004505,0.00038964803718620207
40--50,2.9,pion,0.010235000000000001,0.0005015974481593781
40--50,2.9,proton,0.002125,0.00037336309405188947
40--50,3.1,kaon,0.0034800000000000005,0.00033376975018141236
40--50,3.1,pion,0.007555000000000001,0.0003662310306145903
40--50,3.1,proton,0.0014750000000000002,0.0003076124555850934
40--50,3.3,kaon,0.0026600000000000005,0.00025811935339138073
40--50,3.3,pion,0.0056500000000000005,0.0002716615541441226
40--50,3.3,proton,0.0010500000000000002,0.00023194827009486403
40--50,3.5,kaon,0.00204,0.00018741835826283006
40--50,3.5,pion,0.00433,0.00021213203435596428
40--50,3.5,proton,0.000755,0.00016620879132610397
40--50,3.7,kaon,0.0016150000000000001,0.00013152946437965907
40--50,3.7,pion,0.00335,0.000161245154965971
40--50,3.7,proton,0.000575,0.0001216552506059644
40--50,3.9,kaon,0.00125,9.708791742239229e-05
40--50,3.9,pion,0.0025700000000000002,0.0001216552506059644
40--50,3.9,proton,0.00043500000000000006,8.06225774829855e-05
40--50,4.25,kaon,0.0008500000000000001,6.08276253029822e-05
40--50,4.25,pion,0.001715,8.06225774829855e-05
40--50,4.25,proton,0.00027550000000000003,4.619802482391039e-05
40--50,4.75,kaon,0.0004990000000000001,3.056578365275135e-05
40--50,4.75,pion,0.0009905,4.8169045003313324e-05
40--50,4.75,proton,0.00014800000000000002,2.2074030745139933e-05
40--50,5.5,kaon,0.00025,1.4560219778561037e-05
40--50,5.5,pion,0.0004885,2.4331050121192883e-05
40--50,5.5,proton,6.55e-05,8.246211251235323e-06
40--50,7.0,kaon,8.100000000000002e-05,6.324555320336759e-06
40--50,7.0,pion,0.000155,8.246211251235323e-06
40--50,7.0,proton,1.74e-05,2.0574203919563374e-06
40--50,9.0,kaon,2.2449999999999997e-05,2.1030401233174963e-06
40--50,9.0,pion,4.1649999999999996e-05,2.4999999999999998e-06
40--50,9.0,proton,3.9e-06,5.65685424949238e-07
40--50,12.5,kaon,4.8e-06,5.385164807134504e-07
40--50,12.5,pion,8.75e-06,5.854860063735631e-07
40--50,12.5,proton,7.5e-07,1.414213562373095e-07
40--50,17.5,kaon,7.799999999999999e-07,1.22065556157337e-07
40--50,17.5,pion,1.4049999999999999e-06,1.2806248474865696e-07
40--50,17.5,proton,1.15e-07,3.605551275463989e-08
5--10,0.11,pion,11.290000000000003,0.8402383653258803
5--10,0.13,pion,11.885000000000002,0.500259835340753
5--10,0.15000000000000002,pion,12.14,0.4752647474099376
5--10,0.16999999999999998,pion,12.110000000000001,0.47510526315401924
5--10,0.19,pion,11.805,0.4601087341694011
5--10,0.225,kaon,0.6615,0.044140976058405335
5--10,0.225,pion,10.9755,0.428094628617412
5--10,0.275,kaon,0.736,0.043603665934326685
5--10,0.275,pion,9.7745,0.2960827624767877
5--10,0.32499999999999996,kaon,0.805,0.02965253934272616
5--10,0.32499999999999996,pion,8.551,0.25707003360785496
5--10,0.32499999999999996,proton,0.227,0.02557980287093589
5--10,0.375,kaon,0.8180000000000001,0.027663632065415653
5--10,0.375,pion,7.4615,0.224080349134119
5--10,0.375,proton,0.247,0.024582347387868145
5--10,0.42500000000000004,kaon,0.8155000000000001,0.02965253934272616
5--10,0.42500000000000004,pion,6.5045,0.19506409876857664
5--10,0.42500000000000004,proton,0.2605,0.023585297221171718
5--10,0.475,kaon,0.8240000000000001,0.028715823657627683
5--10,0.475,pion,5.6445,0.16907395866515063
5--10,0.475,proton,0.2685,0.014535490472359351
5--10,0.525,kaon,0.8135000000000001,0.04214762767278364
5--10,0.525,pion,4.9205000000000005,0.14558593495711736
5--10,0.525,proton,0.275,0.014036407060336847
5--10,0.575,kaon,0.7665,0.04472918487971807
5--10,0.575,pion,4.273000000000001,0.1235648123350393
5--10,0.575,proton,0.277,0.013537445478582603
5--10,0.625,kaon,0.722,0.05254041212062163
5--10,0.625,pion,3.875,0.2002498439450079
5--10,0.625,proton,0.278,0.01563185835712037
5--10,0.675,kaon,0.685,0.049366129868924
5--10,0.675,pion,3.3930000000000002,0.17628400810372682
5--10,0.675,proton,0.2715,0.014638730967281504
5--10,0.725,kaon,0.6355,0.046389834406596595
5--10,0.725,pion,2.9665,0.15176709419097845
5--10,0.725,proton,0.264,0.014145020278596768
5--10,0.775,kaon,0.6025,0.04349131425688437
5--10,0.775,pion,2.6105,0.13427002583689518
5--10,0.775,proton,0.2545,0.01308905348380441
5--10,0.825,kaon,0.543,0.039458839313897716
5--10,0.825,pion,2.2995,0.11876977818393931
5--10,0.825,proton,0.2515,0.014581460153501199
5--10,0.875,kaon,0.5095000000000001,0.03691444665937756
5--10,0.875,pion,2.0365,0.10523309567420601
5--10,0.875,proton,0.2435,0.015133325560164024
5--10,0.925,kaon,0.4685,0.03430008304606327
5--10,0.925,pion,1.8165,0.0937616733717481
5--10,0.925,proton,0.232,0.014637440787076253
5--10,0.975,kaon,0.4355,0.03175301510468488
5--10,0.975,pion,1.6185,0.0832165848854662
5--10,0.975,proton,0.2185,0.013647541030848427
5--10,1.05,kaon,0.381,0.027663205547534847
5--10,1.05,pion,1.3555000000000001,0.07011419257183242
5--10,1.05,proton,0.198,0.012539999694598798
5--10,1.15,kaon,0.31499999999999995,0.02258875739780246
5--10,1.15,pion,1.072,0.055643969053160866
5--10,1.15,proton,0.177,0.011045735099956593
5--10,1.25,kaon,0.26849999999999996,0.020024984394500785
5--10,1.25,pion,0.8605,0.045598805710791585
5--10,1.25,proton,0.1555,0.009552630379629154
5--10,1.35,kaon,0.22949999999999998,0.017029386365926404
5--10,1.35,pion,0.6920000000000001,0.037121422386541175
5--10,1.35,proton,0.1355,0.008558821443217984
5--10,1.45,kaon,0.1935,0.015033296378372907
5--10,1.45,pion,0.5609999999999999,0.030149626863362672
5--10,1.45,proton,0.117,0.007566662780082012
5--10,1.55,kaon,0.1635,0.013038404810405298
5--10,1.55,pion,0.456,0.025179356624028346
5--10,1.55,proton,0.1005,0.0065769151710818475
5--10,1.65,kaon,0.138,0.011045361017187262
5--10,1.65,pion,0.37250000000000005,0.021095023109728987
5--10,1.65,proton,0.0854,0.005639938557186366
5--10,1.75,kaon,0.11449999999999999,0.009055385138137417
5--10,1.75,pion,0.3045,0.01711724276862369
5--10,1.75,proton,0.07305,0.004805612591332088
5--10,1.85,kaon,0.0965,0.00806225774829855
5--10,1.85,pion,0.2505,0.014142135623730949
5--10,1.85,proton,0.06165,0.003916950344336778
5--10,1.95,kaon,0.08345,0.007361722513644388
5--10,1.95,pion,0.209,0.012041594578792296
5--10,1.95,proton,0.05305,0.0035303780288305775
5--10,2.1,kaon,0.06175,0.0044780052670828074
5--10,2.1,pion,0.15894999999999998,0.0074168726563154635
5--10,2.1,proton,0.0416,0.002598718088987724
5--10,2.3,kaon,0.04455,0.0030907224793853133
5--10,2.3,pion,0.1124,0.005265217415264722
5--10,2.3,proton,0.030850000000000002,0.0019908323620508863
5--10,2.5,kaon,0.033,0.002137755832643195
5--10,2.5,pion,0.08085,0.00382099463490856
5--10,2.5,proton,0.02245,0.001529832082968803
5--10,2.7,kaon,0.02465,0.001960236220839229
5--10,2.7,pion,0.0586,0.0029017236257093816
5--10,2.7,proton,0.016,0.0016385621549285176
5--10,2.9,kaon,0.01915,0.0018110770276274835
5--10,2.9,pion,0.043550000000000005,0.002102379604162864
5--10,2.9,proton,0.011300000000000001,0.0018110770276274835
5--10,3.1,kaon,0.014849999999999999,0.0016124515496597099
5--10,3.1,pion,0.03255,0.0016031219541881396
5--10,3.1,proton,0.008199999999999999,0.0015033296378372909
5--10,3.3,kaon,0.0115,0.0012539999694598796
5--10,3.3,pion,0.024560000000000002,0.0011834272263219231
5--10,3.3,proton,0.006035,0.0011834274706993796
5--10,3.5,kaon,0.008995,0.0009199248494093444
5--10,3.5,pion,0.018994999999999998,0.0009135097153287424
5--10,3.5,proton,0.00449,0.0008478945514621384
5--10,3.7,kaon,0.0071,0.0006499425965326008
5--10,3.7,pion,0.014665000000000001,0.0007084668263739706
5--10,3.7,proton,0.0034000000000000002,0.0005880690948059198
5--10,3.9,kaon,0.0055650000000000005,0.0004589394593511874
5--10,3.9,pion,0.011535,0.0005532630477449222
5--10,3.9,proton,0.0026100000000000003,0.00041303752856126767
5--10,4.25,kaon,0.003815,0.00027294688127912366
5--10,4.25,pion,0.007845000000000001,0.0003761982974581651
5--10,4.25,proton,0.00168,0.0002369080012719103
5--10,4.75,kaon,0.00226,0.0001414213562373095
5--10,4.75,pion,0.004580000000000001,0.00022090722034374523
5--10,4.75,proton,0.00091,0.0001118033988749895
5--10,5.5,kaon,0.001145,7.071067811865475e-05
5--10,5.5,pion,0.002295,0.00011045361017187262
5--10,5.5,proton,0.0004135,4.5213469539050784e-05
5--10,7.0,kaon,0.00038250000000000003,2.7459060435491964e-05
5--10,7.0,pion,0.0007540000000000001,3.981524762208387e-05
5--10,7.0,proton,0.00011250000000000001,1.0440306508910551e-05
5--10,9.0,kaon,0.000108,1.0198039027185571e-05
5--10,9.0,pion,0.0002075,1.2165525060596441e-05
5--10,9.0,proton,2.5500000000000003e-05,2.2360679774997904e-06
5--10,12.5,kaon,2.595e-05,2.912043955712207e-06
5--10,12.5,pion,4.6399999999999996e-05,3.056578365275135e-06
5--10,12.5,proton,4.95e-06,6.403124237432849e-07
5--10,17.5,kaon,4.4e-06,5.385164807134504e-07
5--10,17.5,pion,7.199999999999999e-06,5.608058350989903e-07
5--10,17.5,proton,7e-07,1.414213562373095e-07
50--70,0.11,pion,3.523,0.27854491224558725
50--70,0.13,pion,3.7960000000000003,0.19454117271595026
50--70,0.15000000000000002,pion,3.9825,0.19254155423673652
50--70,0.16999999999999998,pion,4.0575,0.19404123273160268
50--70,0.19,pion,4.0344999999999995,0.19254156096253622
50--70,0.225,kaon,0.2585,0.018527026983880198
50--70,0.225,pion,3.824,0.18052492921766153
50--70,0.275,kaon,0.27925,0.017825343660119286
50--70,0.275,pion,3.471,0.1395143363650378
50--70,0.32499999999999996,kaon,0.30075,0.013917659382285124
50--70,0.32499999999999996,pion,3.026,0.12051659665312307
50--70,0.32499999999999996,proton,0.09895000000000001,0.010925844186564424
50--70,0.375,kaon,0.29605000000000004,0.012869086861306719
50--70,0.375,pion,2.598,0.1025195108023223
50--70,0.375,proton,0.10495000000000002,0.010071004496359106
50--70,0.42500000000000004,kaon,0.28725,0.012716657204975185
50--70,0.42500000000000004,pion,2.212,0.08700574769587263
50--70,0.42500000000000004,proton,0.10794999999999999,0.009568945878220445
50--70,0.475,kaon,0.27480000000000004,0.011788379105027374
50--70,0.475,pion,1.8605,0.07250689655167736
50--70,0.475,proton,0.1102,0.006359639146248071
50--70,0.525,kaon,0.26015,0.01482441326309519
50--70,0.525,pion,1.5655000000000001,0.06100819837320999
50--70,0.525,proton,0.10969999999999999,0.006163189513261672
50--70,0.575,kaon,0.23695,0.014880429478552639
50--70,0.575,pion,1.311,0.050010002999399394
50--70,0.575,proton,0.10545,0.005614381455601317
50--70,0.625,kaon,0.21350000000000002,0.016031219541881397
50--70,0.625,pion,1.1465,0.06453100216294247
50--70,0.625,proton,0.1027,0.006170595483876846
50--70,0.675,kaon,0.195,0.015033296378372907
50--70,0.675,pion,0.9655,0.05403702434442519
50--70,0.675,proton,0.09595,0.005572786379221748
50--70,0.725,kaon,0.1755,0.013038404810405298
50--70,0.725,pion,0.8170000000000001,0.045543940125553094
50--70,0.725,proton,0.08975,0.005066081128869783
50--70,0.775,kaon,0.1572,0.011941945826631134
50--70,0.775,pion,0.6930000000000001,0.03855192178020708
50--70,0.775,proton,0.08265,0.00456780623670991
50--70,0.825,kaon,0.14045000000000002,0.01058831988856656
50--70,0.825,pion,0.5900000000000001,0.03306055050963308
50--70,0.825,proton,0.07725,0.00467175119344914
50--70,0.875,kaon,0.1267,0.009538080527319952
50--70,0.875,pion,0.5055000000000001,0.028044594573740096
50--70,0.875,proton,0.07185,0.004821148181403261
50--70,0.925,kaon,0.1121,0.008438014570984892
50--70,0.925,pion,0.4325,0.024020824298928628
50--70,0.925,proton,0.065,0.004318604392019901
50--70,0.975,kaon,0.1008,0.007637079015526997
50--70,0.975,pion,0.373,0.02102379604162864
50--70,0.975,proton,0.0586,0.0038762646704338217
50--70,1.05,kaon,0.08365,0.006312685640834652
50--70,1.05,pion,0.29815,0.016614753015048087
50--70,1.05,proton,0.04995,0.003263845966827345
50--70,1.15,kaon,0.06635,0.0050658183532826225
50--70,1.15,pion,0.2237,0.012419743627332476
50--70,1.15,proton,0.04045,0.0026669806152342895
50--70,1.25,kaon,0.052750000000000005,0.004061097591122604
50--70,1.25,pion,0.1706,0.00967535596689894
50--70,1.25,proton,0.03315,0.0021647289125864095
50--70,1.35,kaon,0.0423,0.003263820020576909
50--70,1.35,pion,0.1309,0.0074741230998494525
50--70,1.35,proton,0.026500000000000003,0.0017117642886435966
50--70,1.45,kaon,0.034,0.0026621482517611423
50--70,1.45,pion,0.10165,0.0058309518948453
50--70,1.45,proton,0.021400000000000002,0.001414284619419373
50--70,1.55,kaon,0.02775,0.002209072203437452
50--70,1.55,pion,0.07980000000000001,0.0046768075198711494
50--70,1.55,proton,0.0172,0.0011672932474047694
50--70,1.65,kaon,0.0225,0.0018607871725408818
50--70,1.65,pion,0.06309999999999999,0.0037712767240471196
50--70,1.65,proton,0.01395,0.0009708791742239228
50--70,1.75,kaon,0.018250000000000002,0.0015132745950421555
50--70,1.75,pion,0.05015,0.003026549190084311
50--70,1.75,proton,0.010950000000000001,0.0007566662780082012
50--70,1.85,kaon,0.015,0.0013152946437965907
50--70,1.85,pion,0.04055,0.0024683064934461997
50--70,1.85,proton,0.0089,0.0006203658925317489
50--70,1.95,kaon,0.012400000000000001,0.001118033988749895
50--70,1.95,pion,0.032600000000000004,0.002022374841615668
50--70,1.95,proton,0.007350000000000001,0.0005099019513592785
50--70,2.1,kaon,0.00918,0.0006958448102845922
50--70,2.1,pion,0.0241,0.0012332882874656682
50--70,2.1,proton,0.0053950000000000005,0.00035905420077097345
50--70,2.3,kaon,0.0063999999999999994,0.00047764967110131235
50--70,2.3,pion,0.01638,0.0008429116205154607
50--70,2.3,proton,0.0036899999999999997,0.0002522652838813105
50--70,2.5,kaon,0.004635,0.00032165992758006144
50--70,2.5,pion,0.011335000000000001,0.000584293218108354
50--70,2.5,proton,0.0025450000000000004,0.00018440368517760292
50--70,2.7,kaon,0.0033300000000000005,0.00026305892875931814
50--70,2.7,pion,0.00805,0.0004310452412450461
50--70,2.7,proton,0.001675,0.0001904298580948714
50--70,2.9,kaon,0.00253,0.00022203603311174522
50--70,2.9,pion,0.0058449999999999995,0.0003106444913401813
50--70,2.9,proton,0.00115,0.00020223748416156684
50--70,3.1,kaon,0.00193,0.00018741835826283006
50--70,3.1,pion,0.0042650000000000006,0.00022090722034374523
50--70,3.1,proton,0.0007850000000000001,0.0001711724276862369
50--70,3.3,kaon,0.0014850000000000002,0.0001414213562373095
50--70,3.3,pion,0.00318,0.0001711724276862369
50--70,3.3,proton,0.0005549999999999999,0.00013038404810405298
50--70,3.5,kaon,0.00114,0.0001068918945734226
50--70,3.5,pion,0.00239,0.00012041594578792296
50--70,3.5,proton,0.00039000000000000005,9.055385138137417e-05
50--70,3.7,kaon,0.0008950000000000001,7.566662780082012e-05
50--70,3.7,pion,0.001835,9.552630379629153e-05
50--70,3.7,proton,0.000292,6.363961030678928e-05
50--70,3.9,kaon,0.0006950000000000001,5.099019513592785e-05
50--70,3.9,pion,0.0014160000000000002,7.467261881037789e-05
50--70,3.9,proton,0.00021950000000000002,4.405969032073743e-05
50--70,4.25,kaon,0.00046300000000000003,3.2066473999946655e-05
50--70,4.25,pion,0.0009370000000000001,4.9365980188789936e-05
50--70,4.25,proton,0.00013700000000000002,2.4331050121192883e-05
50--70,4.75,kaon,0.000268,1.746424919657298e-05
50--70,4.75,pion,0.000536,2.8284271247461902e-05
50--70,4.75,proton,7.35e-05,1.140175425099138e-05
50--70,5.5,kaon,0.000132,8.246211251235323e-06
50--70,5.5,pion,0.000259,1.4142135623730951e-05
50--70,5.5,proton,3.3e-05,4.1231056256176614e-06
50--70,7.0,kaon,4.145e-05,3.104834939252005e-06
50--70,7.0,pion,8.005e-05,4.570557952810576e-06
50--70,7.0,proton,9.4e-06,1.1180339887498948e-06
50--70,9.0,kaon,1.12e-05,1.044030650891055e-06
50--70,9.0,pion,2.125e-05,1.3601470508735443e-06
50--70,9.0,proton,2.3499999999999995e-06,2.82842712474619e-07
50--70,12.5,kaon,2.4e-06,2.699172818834084e-07
50--70,12.5,pion,4.399999999999999e-06,3.162277660168379e-07
50--70,12.5,proton,4.75e-07,8.20628747147464e-08
50--70,17.5,kaon,3.45e-07,5.4154759474226493e-08
50--70,17.5,pion,6.35e-07,5.701562118716424e-08
50--70,17.5,proton,7.5e-08,2.2360679774997898e-08
70--100,0.11,pion,2.1130000000000004,0.2110213264154016
70--100,0.13,pion,2.3075,0.18202472359545008
70--100,0.15000000000000002,pion,2.4525,0.18202472658037755
70--100,0.16999999999999998,pion,2.5255,0.1790251410371881
70--100,0.19,pion,2.5380000000000003,0.17702542190318316
70--100,0.225,kaon,0.1716,0.015667986703465493
70--100,0.225,pion,2.4465000000000003,0.167011976047858
70--100,0.275,kaon,0.1842,0.015311784806893306
70--100,0.275,pion,2.257,0.14250350877192824
70--100,0.32499999999999996,kaon,0.19530000000000003,0.013757415641450207
70--100,0.32499999999999996,pion,1.9785,0.12300406497347965
70--100,0.32499999999999996,proton,0.06395,0.007915969915661718
70--100,0.375,kaon,0.19025,0.012856226527458901
70--100,0.375,pion,1.6959,0.1044047892017252
70--100,0.375,proton,0.06715,0.007463597124595845
70--100,0.42500000000000004,kaon,0.18195,0.012106611568768931
70--100,0.42500000000000004,pion,1.4297,0.08705465263361745
70--100,0.42500000000000004,proton,0.06795000000000001,0.007011440184196815
70--100,0.475,kaon,0.1706,0.01111620963146897
70--100,0.475,pion,1.18615,0.07145447862349585
70--100,0.475,proton,0.06795,0.005303793813367686
70--100,0.525,kaon,0.15855,0.011660726451447745
70--100,0.525,pion,0.9823500000000001,0.058204209780415156
70--100,0.525,proton,0.06645000000000001,0.005053977914489074
70--100,0.575,kaon,0.1419,0.011013854627954473
70--100,0.575,pion,0.80585,0.04695521850666194
70--100,0.575,proton,0.06265000000000001,0.004554406754895951
70--100,0.625,kaon,0.12445,0.010779732090616605
70--100,0.625,pion,0.6875,0.04801041553663122
70--100,0.625,proton,0.05995,0.004559937868869446
70--100,0.675,kaon,0.111,0.009575626364274876
70--100,0.675,pion,0.5665,0.03901281840626232
70--100,0.675,proton,0.0548,0.004011297325552289
70--100,0.725,kaon,0.09735,0.008271796565489726
70--100,0.725,pion,0.46499999999999997,0.032015621187164243
70--100,0.725,proton,0.04955,0.003555657284525699
70--100,0.775,kaon,0.08510000000000001,0.007175131879102401
70--100,0.775,pion,0.38444999999999996,0.025917458282157232
70--100,0.775,proton,0.04445,0.003056594410243474
70--100,0.825,kaon,0.0746,0.00626996936988179
70--100,0.825,pion,0.31884999999999997,0.02131900602331576
70--100,0.825,proton,0.04025,0.0029110482279299534
70--100,0.875,kaon,0.0649,0.005423098745182499
70--100,0.875,pion,0.26535,0.0175682243036692
70--100,0.875,proton,0.036000000000000004,0.0027572655218299083
70--100,0.925,kaon,0.05665,0.004716990566028301
70--100,0.925,pion,0.2203,0.014417003849621461
70--100,0.925,proton,0.031650000000000005,0.0024083332584599647
70--100,0.975,kaon,0.0495,0.004119465984809195
70--100,0.975,pion,0.18525,0.012014990636700472
70--100,0.975,proton,0.0279,0.002115167727670815
70--100,1.05,kaon,0.0396,0.0032561494796697933
70--100,1.05,pion,0.1424,0.009158739256508886
70--100,1.05,proton,0.022650000000000003,0.0016574231155252542
70--100,1.15,kaon,0.0298,0.0024581530782776745
70--100,1.15,pion,0.1022,0.006506919393998977
70--100,1.15,proton,0.017300000000000003,0.0012539999694598796
70--100,1.25,kaon,0.02275,0.0018607871725408818
70--100,1.25,pion,0.0746,0.004816637831516917
70--100,1.25,proton,0.013399999999999999,0.0009552630379629154
70--100,1.35,kaon,0.01765,0.0014534482612995553
70--100,1.35,pion,0.05495,0.003562655993843874
70--100,1.35,proton,0.0104,0.0007566662780082012
70--100,1.45,kaon,0.013600000000000001,0.0011543477797989776
70--100,1.45,pion,0.0417,0.002716615541441225
70--100,1.45,proton,0.008025000000000001,0.0005926642074602565
70--100,1.55,kaon,0.01075,0.0009055385138137418
70--100,1.55,pion,0.0316,0.002109502310972899
70--100,1.55,proton,0.006185,0.00045706922610749476
70--100,1.65,kaon,0.00847,0.0007361820781484827
70--100,1.65,pion,0.02435,0.0016124515496597099
70--100,1.65,proton,0.004765,0.00035795643872295563
70--100,1.75,kaon,0.006835000000000001,0.000616605328395892
70--100,1.75,pion,0.0189,0.0013152946437965907
70--100,1.75,proton,0.00368,0.0002837934590801256
70--100,1.85,kaon,0.0053750000000000004,0.0004964876634922565
70--100,1.85,pion,0.0151,0.001004987562112089
70--100,1.85,proton,0.0029200000000000003,0.0002294030650891055
70--100,1.95,kaon,0.004540000000000001,0.0004324648605506099
70--100,1.95,pion,0.011850000000000001,0.0008062257748298549
70--100,1.95,proton,0.002235,0.0001724154988045478
70--100,2.1,kaon,0.0032500000000000003,0.0002688247665571189
70--100,2.1,pion,0.00846,0.0005115662224971465
70--100,2.1,proton,0.0016550000000000002,0.00012369316876852983
70--100,2.3,kaon,0.00218,0.00017464249196572982
70--100,2.3,pion,0.005595,0.000341832909344997
70--100,2.3,proton,0.00108,8.246211251235322e-05
70--100,2.5,kaon,0.0015300000000000001,0.00012037008393786305
70--100,2.5,pion,0.003765,0.00023194827009486403
70--100,2.5,proton,0.000715,5.854860063735632e-05
70--100,2.7,kaon,0.0010900000000000003,9.219544457292888e-05
70--100,2.7,pion,0.002595,0.000160312195418814
70--100,2.7,proton,0.00045500000000000006,5.3851648071345046e-05
70--100,2.9,kaon,0.00081,7.071067811865475e-05
70--100,2.9,pion,0.0018360000000000002,0.0001143547113152755
70--100,2.9,proton,0.00030000000000000003,6.08276253029822e-05
70--100,3.1,kaon,0.0006050000000000001,6.08276253029822e-05
70--100,3.1,pion,0.001311,8.139410298049853e-05
70--100,3.1,proton,0.00019700000000000002,4.669047011971501e-05
70--100,3.3,kaon,0.00045300000000000006,4.373785545725808e-05
70--100,3.3,pion,0.0009535,5.8917344892982966e-05
70--100,3.3,proton,0.00013450000000000002,3.600356849545937e-05
70--100,3.5,kaon,0.0003445,3.22685879362299e-05
70--100,3.5,pion,0.0007125,4.4407206622349035e-05
70--100,3.5,proton,9.400000000000001e-05,2.5495097567963924e-05
70--100,3.7,kaon,0.000267,2.353720459187964e-05
70--100,3.7,pion,0.0005365000000000001,3.3376638536557275e-05
70--100,3.7,proton,6.7e-05,1.746424919657298e-05
70--100,3.9,kaon,0.00019950000000000002,1.6492422502470646e-05
70--100,3.9,pion,0.00040400000000000006,2.4824513961768603e-05
70--100,3.9,proton,4.95e-05,1.140175425099138e-05
70--100,4.25,kaon,0.000131,9.70879174223923e-06
70--100,4.25,pion,0.00026250000000000004,1.6124515496597103e-05
70--100,4.25,proton,3.0500000000000003e-05,6.324555320336759e-06
70--100,4.75,kaon,7.500000000000001e-05,5.385164807134504e-06
70--100,4.75,pion,0.00014649999999999998,9.219544457292887e-06
70--100,4.75,proton,1.71e-05,3.1149249951019863e-06
70--100,5.5,kaon,3.525e-05,2.4824906302559433e-06
70--100,5.5,pion,6.78e-05,4.226415690063737e-06
70--100,5.5,proton,7.6e-06,1.2541522986797287e-06
70--100,7.0,kaon,1.045e-05,8.544003745317531e-07
70--100,7.0,pion,1.995e-05,1.2855490470489657e-06
70--100,7.0,proton,2.1e-06,3.2169892001050895e-07
70--100,9.0,kaon,2.6e-06,2.699172818834084e-07
70--100,9.0,pion,4.95e-06,3.162277660168379e-07
70--100,9.0,proton,4.6999999999999995e-07,8.602325267042626e-08
70--100,12.5,kaon,5.450000000000001e-07,7.636680149613264e-08
70--100,12.5,pion,1.015e-06,8.332291507670587e-08
70--100,12.5,proton,9e-08,2.2360679774997898e-08
70--100,17.5,kaon,9e-08,1.4142135623730952e-08
70--100,17.5,pion,1.5e-07,1.4142135623730952e-08
70--100,17.5,proton,1.45e-08,6.802332604808638e-09
