source_record,source_table,source_table_doi,observable_kind,eta_range,multiplicity_selection,manuscript_bin,fit_ready,mapping_status,pt_low_gev,pt_high_gev,pt_center_gev,yield_value,stat_error,sys_error,total_error
ins1735345,Table 1,10.17182/hepdata.91996.v2/t1,pt_spectrum,-0.8-0.8,21-30,21-30,True,matched_to_manuscript_bin,0.15,0.2,0.175,3.8484042036998307,0.003078078372618595,0.3868240627210844,0.3868363091367115
ins1735345,Table 1,10.17182/hepdata.91996.v2/t1,pt_spectrum,-0.8-0.8,31-40,31-40,True,matched_to_manuscript_bin,0.15,0.2,0.175,14.481962633779107,0.009289584090924537,0.6244109288349516,0.6244800272395502
ins1735345,Table 1,10.17182/hepdata.91996.v2/t1,pt_spectrum,-0.8-0.8,41-50,41-50,True,matched_to_manuscript_bin,0.15,0.2,0.175,21.56829425898933,0.01653726531039862,0.9351445219468023,0.935290734515776
ins1735345,Table 1,10.17182/hepdata.91996.v2/t1,pt_spectrum,-0.8-0.8,51-60,51-60,True,matched_to_manuscript_bin,0.15,0.2,0.175,28.271683294305753,0.02799717301168292,1.2194332856513974,1.2197546392005274
ins1735345,Table 1,10.17182/hepdata.91996.v2/t1,pt_spectrum,-0.8-0.8,61-70,61-70,True,matched_to_manuscript_bin,0.15,0.2,0.175,34.55823938656486,0.04750168572345811,1.1150585555158896,1.1160698868689864
ins1735345,Table 1,10.17182/hepdata.91996.v2/t1,pt_spectrum,-0.8-0.8,71-80,71-80,True,matched_to_manuscript_bin,0.15,0.2,0.175,40.46240161317528,0.08168487731571662,1.3037146787368825,1.3062711750383595
ins1735345,Table 1,10.17182/hepdata.91996.v2/t1,pt_spectrum,-0.8-0.8,81-90,81-90,True,matched_to_manuscript_bin,0.15,0.2,0.175,46.342547708031965,0.14335400477312993,1.502190666382567,1.5090152977526092
ins1735345,Table 1,10.17182/hepdata.91996.v2/t1,pt_spectrum,-0.8-0.8,91-100,91-100,True,matched_to_manuscript_bin,0.15,0.2,0.175,51.89721672256858,0.2550054705869729,1.6751203011889633,1.6944190194531832
ins1735345,Table 1,10.17182/hepdata.91996.v2/t1,pt_spectrum,-0.8-0.8,101-125,101-125,True,matched_to_manuscript_bin,0.15,0.2,0.175,56.87971851141985,0.4290120719595167,1.8871338728578275,1.9352843749625999
ins1735345,Table 1,10.17182/hepdata.91996.v2/t1,pt_spectrum,-0.8-0.8,126-150,126-150,True,matched_to_manuscript_bin,0.15,0.2,0.175,70.3485316674653,1.1622963844428496,1.9171817657655463,2.241989921536852
ins1735345,Table 1,10.17182/hepdata.91996.v2/t1,pt_spectrum,-0.8-0.8,21-30,21-30,True,matched_to_manuscript_bin,0.2,0.25,0.225,4.025571657758818,0.002220872330222754,0.39886402736432697,0.3988702102178072
ins1735345,Table 1,10.17182/hepdata.91996.v2/t1,pt_spectrum,-0.8-0.8,31-40,31-40,True,matched_to_manuscript_bin,0.2,0.25,0.225,14.497140819921443,0.0066058234283401214,0.6247626343306091,0.624797556140298
ins1735345,Table 1,10.17182/hepdata.91996.v2/t1,pt_spectrum,-0.8-0.8,41-50,41-50,True,matched_to_manuscript_bin,0.2,0.25,0.225,21.25001604311845,0.01167560148898461,0.9224694989213956,0.9225433844055358
ins1735345,Table 1,10.17182/hepdata.91996.v2/t1,pt_spectrum,-0.8-0.8,51-60,51-60,True,matched_to_manuscript_bin,0.2,0.25,0.225,27.70273083513047,0.019709280712353727,1.1953718287123059,1.1955343008986403
ins1735345,Table 1,10.17182/hepdata.91996.v2/t1,pt_spectrum,-0.8-0.8,61-70,61-70,True,matched_to_manuscript_bin,0.2,0.25,0.225,33.62813727583794,0.033332934921559636,1.0858015781797448,1.086313100228525
ins1735345,Table 1,10.17182/hepdata.91996.v2/t1,pt_spectrum,-0.8-0.8,71-80,71-80,True,matched_to_manuscript_bin,0.2,0.25,0.225,39.27217095816582,0.057236365701542606,1.262391731586916,1.2636886030734522
ins1735345,Table 1,10.17182/hepdata.91996.v2/t1,pt_spectrum,-0.8-0.8,81-90,81-90,True,matched_to_manuscript_bin,0.2,0.25,0.225,44.894495058834714,0.10029376537913068,1.4444952279376797,1.4479728253350106
ins1735345,Table 1,10.17182/hepdata.91996.v2/t1,pt_spectrum,-0.8-0.8,91-100,91-100,True,matched_to_manuscript_bin,0.2,0.25,0.225,49.971868571156136,0.17791242233610907,1.6055914217135354,1.6154184112797507
ins1735345,Table 1,10.17182/hepdata.91996.v2/t1,pt_spectrum,-0.8-0.8,101-125,101-125,True,matched_to_manuscript_bin,0.2,0.25,0.225,54.530556371916674,0.29938506725015807,1.807699228363498,1.832323093430405
ins1735345,Table 1,10.17182/hepdata.91996.v2/t1,pt_spectrum,-0.8-0.8,126-150,126-150,True,matched_to_manuscript_bin,0.2,0.25,0.225,68.3853124081594,0.8150877982216624,1.8650759765513636,2.0354057377139476
ins1735345,Table 1,10.17182/hepdata.91996.v2/t1,pt_spectrum,-0.8-0.8,21-30,21-30,True,matched_to_manuscript_bin,0.25,0.3,0.275,3.896368974255911,0.002103081110609958,0.383247163132866,0.38325293345197947
ins1735345,Table 1,10.17182/hepdata.91996.v2/t1,pt_spectrum,-0.8-0.8,31-40,31-40,True,matched_to_manuscript_bin,0.25,0.3,0.275,13.705609117725077,0.006223522806983121,0.5917720559201542,0.5918047806532956
ins1735345,Table 1,10.17182/hepdata.91996.v2/t1,pt_spectrum,-0.8-0.8,41-50,41-50,True,matched_to_manuscript_bin,0.25,0.3,0.275,20.025828197914862,0.010980488378716062,0.8703754172445454,0.8704446783504691
ins1735345,Table 1,10.17182/hepdata.91996.v2/t1,pt_spectrum,-0.8-0.8,51-60,51-60,True,matched_to_manuscript_bin,0.25,0.3,0.275,25.987765298955598,0.0185032086055751,1.1229798860175226,1.1231323132777498
ins1735345,Table 1,10.17182/hepdata.91996.v2/t1,pt_spectrum,-0.8-0.8,61-70,61-70,True,matched_to_manuscript_bin,0.25,0.3,0.275,31.572049410440567,0.03128909978114509,1.0218094356338727,1.022288379331159
ins1735345,Table 1,10.17182/hepdata.91996.v2/t1,pt_spectrum,-0.8-0.8,71-80,71-80,True,matched_to_manuscript_bin,0.25,0.3,0.275,36.83583941751974,0.053686767541954415,1.1867909122990623,1.1880046037472853
ins1735345,Table 1,10.17182/hepdata.91996.v2/t1,pt_spectrum,-0.8-0.8,81-90,81-90,True,matched_to_manuscript_bin,0.25,0.3,0.275,41.841235249400775,0.09390924577996777,1.3503619864079055,1.3536234486660117
ins1735345,Table 1,10.17182/hepdata.91996.v2/t1,pt_spectrum,-0.8-0.8,91-100,91-100,True,matched_to_manuscript_bin,0.25,0.3,0.275,47.03427858727374,0.16716065780885192,1.513445900754795,1.5226493949792188
ins1735345,Table 1,10.17182/hepdata.91996.v2/t1,pt_spectrum,-0.8-0.8,101-125,101-125,True,matched_to_manuscript_bin,0.25,0.3,0.275,51.18453605240967,0.2806520415925103,1.6997197877863675,1.7227341424150675
ins1735345,Table 1,10.17182/hepdata.91996.v2/t1,pt_spectrum,-0.8-0.8,126-150,126-150,True,matched_to_manuscript_bin,0.25,0.3,0.275,63.35048969410392,0.7605259192183322,1.7353630305901366,1.8946990583577838
ins1735345,Table 1,10.17182/hepdata.91996.v2/t1,pt_spectrum,-0.8-0.8,21-30,21-30,True,matched_to_manuscript_bin,0.3,0.35,0.3249999999999999,3.6186326743424218,0.0019907758256306795,0.3547449484104986,0.3547505343352638
ins1735345,Table 1,10.17182/hepdata.91996.v2/t1,pt_spectrum,-0.8-0.8,31-40,31-40,True,matched_to_manuscript_bin,0.3,0.35,0.3249999999999999,12.58437622806721,0.0058724564191701455,0.5444637869924158,0.5444954555278839
ins1735345,Table 1,10.17182/hepdata.91996.v2/t1,pt_spectrum,-0.8-0.8,41-50,41-50,True,matched_to_manuscript_bin,0.3,0.35,0.3249999999999999,18.40428720397055,0.010366513712134262,0.8016193450787665,0.8016863719753844
ins1735345,Table 1,10.17182/hepdata.91996.v2/t1,pt_spectrum,-0.8-0.8,51-60,51-60,True,matched_to_manuscript_bin,0.3,0.35,0.3249999999999999,23.98132614016798,0.01749625829559832,1.0375717057173899,1.0377192122918608
ins1735345,Table 1,10.17182/hepdata.91996.v2/t1,pt_spectrum,-0.8-0.8,61-70,61-70,True,matched_to_manuscript_bin,0.3,0.35,0.3249999999999999,29.145103674685803,0.02960556462881758,0.9456404977429413,0.9461038211679038
ins1735345,Table 1,10.17182/hepdata.91996.v2/t1,pt_spectrum,-0.8-0.8,71-80,71-80,True,matched_to_manuscript_bin,0.3,0.35,0.3249999999999999,34.05784446234547,0.050834735844610554,1.1008781694661403,1.1020512303770233
ins1735345,Table 1,10.17182/hepdata.91996.v2/t1,pt_spectrum,-0.8-0.8,81-90,81-90,True,matched_to_manuscript_bin,0.3,0.35,0.3249999999999999,38.792140626549674,0.08900240320171438,1.2568224051592665,1.2599698353079742
ins1735345,Table 1,10.17182/hepdata.91996.v2/t1,pt_spectrum,-0.8-0.8,91-100,91-100,True,matched_to_manuscript_bin,0.3,0.35,0.3249999999999999,43.505030525256835,0.15830625917748853,1.4059704487848106,1.414854683192211
ins1735345,Table 1,10.17182/hepdata.91996.v2/t1,pt_spectrum,-0.8-0.8,101-125,101-125,True,matched_to_manuscript_bin,0.3,0.35,0.3249999999999999,47.56761517139596,0.26647136809804517,1.5856178758755481,1.607852928072754
ins1735345,Table 1,10.17182/hepdata.91996.v2/t1,pt_spectrum,-0.8-0.8,126-150,126-150,True,matched_to_manuscript_bin,0.3,0.35,0.3249999999999999,59.26864329321797,0.7239150408989237,1.627160563356704,1.7809279843337282
ins1735345,Table 1,10.17182/hepdata.91996.v2/t1,pt_spectrum,-0.8-0.8,21-30,21-30,True,matched_to_manuscript_bin,0.35,0.4,0.375,3.219810951924623,0.0018515254386774458,0.3156525934230937,0.31565802362869694
ins1735345,Table 1,10.17182/hepdata.91996.v2/t1,pt_spectrum,-0.8-0.8,31-40,31-40,True,matched_to_manuscript_bin,0.35,0.4,0.375,11.309458205114334,0.005492661298622482,0.4909303561632134,0.49096108189008314
ins1735345,Table 1,10.17182/hepdata.91996.v2/t1,pt_spectrum,-0.8-0.8,41-50,41-50,True,matched_to_manuscript_bin,0.35,0.4,0.375,16.64676663472446,0.009720336508597072,0.7262510668524238,0.7263161137177973
ins1735345,Table 1,10.17182/hepdata.91996.v2/t1,pt_spectrum,-0.8-0.8,51-60,51-60,True,matched_to_manuscript_bin,0.35,0.4,0.375,21.716408717089603,0.016424374170163642,0.9424316481261916,0.9425747564287574
ins1735345,Table 1,10.17182/hepdata.91996.v2/t1,pt_spectrum,-0.8-0.8,61-70,61-70,True,matched_to_manuscript_bin,0.35,0.4,0.375,26.521963628558897,0.02785641590429322,0.8638967266171081,0.8643457260649743
ins1735345,Table 1,10.17182/hepdata.91996.v2/t1,pt_spectrum,-0.8-0.8,71-80,71-80,True,matched_to_manuscript_bin,0.35,0.4,0.375,31.107882254439076,0.04790313269675518,1.009883443929835,1.0110189317939338
ins1735345,Table 1,10.17182/hepdata.91996.v2/t1,pt_spectrum,-0.8-0.8,81-90,81-90,True,matched_to_manuscript_bin,0.35,0.4,0.375,35.5149783359278,0.08396542316155266,1.1534022224658436,1.1564544431476087
ins1735345,Table 1,10.17182/hepdata.91996.v2/t1,pt_spectrum,-0.8-0.8,91-100,91-100,True,matched_to_manuscript_bin,0.35,0.4,0.375,39.772291058138244,0.14931153201421227,1.2895741284418234,1.2981892644521904
ins1735345,Table 1,10.17182/hepdata.91996.v2/t1,pt_spectrum,-0.8-0.8,101-125,101-125,True,matched_to_manuscript_bin,0.35,0.4,0.375,43.406693198966565,0.2517955444601304,1.456286485315789,1.4778942193280908
ins1735345,Table 1,10.17182/hepdata.91996.v2/t1,pt_spectrum,-0.8-0.8,126-150,126-150,True,matched_to_manuscript_bin,0.35,0.4,0.375,55.32674701511628,0.6891291326579478,1.524454722096452,1.6729797252806342
ins1735345,Table 1,10.17182/hepdata.91996.v2/t1,pt_spectrum,-0.8-0.8,21-30,21-30,True,matched_to_manuscript_bin,0.4,0.45,0.425,2.8263198305409314,0.0017264781834263256,0.27813910073678866,0.27814445902370105
ins1735345,Table 1,10.17182/hepdata.91996.v2/t1,pt_spectrum,-0.8-0.8,31-40,31-40,True,matched_to_manuscript_bin,0.4,0.45,0.425,10.037157061858272,0.0051466101864791475,0.4374885629543535,0.4375188342371982
ins1735345,Table 1,10.17182/hepdata.91996.v2/t1,pt_spectrum,-0.8-0.8,41-50,41-50,True,matched_to_manuscript_bin,0.4,0.45,0.425,14.942388137865954,0.00915296215973571,0.6538078481668326,0.6538719133292403
ins1735345,Table 1,10.17182/hepdata.91996.v2/t1,pt_spectrum,-0.8-0.8,51-60,51-60,True,matched_to_manuscript_bin,0.4,0.45,0.425,19.62373783521372,0.01551096257509827,0.8536628544364189,0.8538037590714511
ins1735345,Table 1,10.17182/hepdata.91996.v2/t1,pt_spectrum,-0.8-0.8,61-70,61-70,True,matched_to_manuscript_bin,0.4,0.45,0.425,24.067709180424412,0.026360280213119366,0.787805188441202,0.788246077889254
ins1735345,Table 1,10.17182/hepdata.91996.v2/t1,pt_spectrum,-0.8-0.8,71-80,71-80,True,matched_to_manuscript_bin,0.4,0.45,0.425,28.334588721390844,0.045436627964611905,0.9244565112656609,0.9255724328124036
ins1735345,Table 1,10.17182/hepdata.91996.v2/t1,pt_spectrum,-0.8-0.8,81-90,81-90,True,matched_to_manuscript_bin,0.4,0.45,0.425,32.455581048448146,0.07976285072948446,1.0585883558563531,1.0615891010702545
ins1735345,Table 1,10.17182/hepdata.91996.v2/t1,pt_spectrum,-0.8-0.8,91-100,91-100,True,matched_to_manuscript_bin,0.4,0.45,0.425,36.52076289102377,0.14215564792655275,1.1884685272825914,1.1969401273993072
ins1735345,Table 1,10.17182/hepdata.91996.v2/t1,pt_spectrum,-0.8-0.8,101-125,101-125,True,matched_to_manuscript_bin,0.4,0.45,0.425,39.87831582336206,0.23972992539750634,1.3445564866098048,1.3657608073215441
ins1735345,Table 1,10.17182/hepdata.91996.v2/t1,pt_spectrum,-0.8-0.8,126-150,126-150,True,matched_to_manuscript_bin,0.4,0.45,0.425,50.80743946987178,0.6561825923850434,1.4037834045513522,1.5495752454924354
ins1735345,Table 1,10.17182/hepdata.91996.v2/t1,pt_spectrum,-0.8-0.8,21-30,21-30,True,matched_to_manuscript_bin,0.45,0.5,0.475,2.426060480449451,0.0016331619172003256,0.2402775722542855,0.24028312247484462
ins1735345,Table 1,10.17182/hepdata.91996.v2/t1,pt_spectrum,-0.8-0.8,31-40,31-40,True,matched_to_manuscript_bin,0.45,0.5,0.475,8.895017951560325,0.004927588826085217,0.3889695169928648,0.3890007278673158
ins1735345,Table 1,10.17182/hepdata.91996.v2/t1,pt_spectrum,-0.8-0.8,41-50,41-50,True,matched_to_manuscript_bin,0.45,0.5,0.475,13.364233631462296,0.00880465832152209,0.5867633617305935,0.5868294170178809
ins1735345,Table 1,10.17182/hepdata.91996.v2/t1,pt_spectrum,-0.8-0.8,51-60,51-60,True,matched_to_manuscript_bin,0.45,0.5,0.475,17.691112996740973,0.014981754356980157,0.7717941901540786,0.7719395863143713
ins1735345,Table 1,10.17182/hepdata.91996.v2/t1,pt_spectrum,-0.8-0.8,61-70,61-70,True,matched_to_manuscript_bin,0.45,0.5,0.475,21.806862394610118,0.02551072493088096,0.7165444374790445,0.7169984155970356
ins1735345,Table 1,10.17182/hepdata.91996.v2/t1,pt_spectrum,-0.8-0.8,71-80,71-80,True,matched_to_manuscript_bin,0.45,0.5,0.475,25.653987846378,0.04396498607230213,0.84078773086528,0.8419364158735054
ins1735345,Table 1,10.17182/hepdata.91996.v2/t1,pt_spectrum,-0.8-0.8,81-90,81-90,True,matched_to_manuscript_bin,0.45,0.5,0.475,29.461234834365264,0.07725119773268867,0.9660179637432157,0.9691018800031933
ins1735345,Table 1,10.17182/hepdata.91996.v2/t1,pt_spectrum,-0.8-0.8,91-100,91-100,True,matched_to_manuscript_bin,0.45,0.5,0.475,33.05613347869961,0.13767993554371002,1.0836860203963465,1.0923969770435062
ins1735345,Table 1,10.17182/hepdata.91996.v2/t1,pt_spectrum,-0.8-0.8,101-125,101-125,True,matched_to_manuscript_bin,0.45,0.5,0.475,36.58969733603814,0.23318324789307188,1.2381001402726262,1.2598676059178038
ins1735345,Table 1,10.17182/hepdata.91996.v2/t1,pt_spectrum,-0.8-0.8,126-150,126-150,True,matched_to_manuscript_bin,0.45,0.5,0.475,46.28365904969572,0.6369660525452344,1.3013580338890756,1.4488818048628738
ins1735345,Table 1,10.17182/hepdata.91996.v2/t1,pt_spectrum,-0.8-0.8,21-30,21-30,True,matched_to_manuscript_bin,0.5,0.55,0.525,2.079757721813137,0.0015634586753943535,0.207890168027982,0.2078960470180524
ins1735345,Table 1,10.17182/hepdata.91996.v2/t1,pt_spectrum,-0.8-0.8,31-40,31-40,True,matched_to_manuscript_bin,0.5,0.55,0.525,7.8332646949942495,0.004763150061139344,0.3440541807687135,0.3440871501566653
ins1735345,Table 1,10.17182/hepdata.91996.v2/t1,pt_spectrum,-0.8-0.8,41-50,41-50,True,matched_to_manuscript_bin,0.5,0.55,0.525,11.923040526920179,0.008558897543236814,0.5249382289591764,0.5250079989390184
ins1735345,Table 1,10.17182/hepdata.91996.v2/t1,pt_spectrum,-0.8-0.8,51-60,51-60,True,matched_to_manuscript_bin,0.5,0.55,0.525,15.882411089644057,0.01459876258435203,0.695020034851636,0.6951733400484829
ins1735345,Table 1,10.17182/hepdata.91996.v2/t1,pt_spectrum,-0.8-0.8,61-70,61-70,True,matched_to_manuscript_bin,0.5,0.55,0.525,19.617670755927495,0.024917239149944488,0.6489571554429113,0.6494353381264454
ins1735345,Table 1,10.17182/hepdata.91996.v2/t1,pt_spectrum,-0.8-0.8,71-80,71-80,True,matched_to_manuscript_bin,0.5,0.55,0.525,23.276222862935896,0.04307250766908466,0.7661798648737201,0.7673896182870963
ins1735345,Table 1,10.17182/hepdata.91996.v2/t1,pt_spectrum,-0.8-0.8,81-90,81-90,True,matched_to_manuscript_bin,0.5,0.55,0.525,26.572546340584807,0.07561385999674902,0.8802401579256007,0.883481856886996
ins1735345,Table 1,10.17182/hepdata.91996.v2/t1,pt_spectrum,-0.8-0.8,91-100,91-100,True,matched_to_manuscript_bin,0.5,0.55,0.525,30.343406412385427,0.13551997558315607,0.9964260234999428,1.0055995644837799
ins1735345,Table 1,10.17182/hepdata.91996.v2/t1,pt_spectrum,-0.8-0.8,101-125,101-125,True,matched_to_manuscript_bin,0.5,0.55,0.525,32.980202360332,0.22828090685324198,1.127042793652303,1.1499294026840632
ins1735345,Table 1,10.17182/hepdata.91996.v2/t1,pt_spectrum,-0.8-0.8,126-150,126-150,True,matched_to_manuscript_bin,0.5,0.55,0.525,42.223477234462656,0.6257513922006255,1.2727815796552566,1.418286908333695
ins1735345,Table 1,10.17182/hepdata.91996.v2/t1,pt_spectrum,-0.8-0.8,21-30,21-30,True,matched_to_manuscript_bin,0.55,0.6,0.575,1.7622803732200232,0.0014767037017378805,0.1783442230092296,0.178350336513808
ins1735345,Table 1,10.17182/hepdata.91996.v2/t1,pt_spectrum,-0.8-0.8,31-40,31-40,True,matched_to_manuscript_bin,0.55,0.6,0.575,6.935285571377485,0.004573240582894181,0.30582125167074714,0.30585544380130214
ins1735345,Table 1,10.17182/hepdata.91996.v2/t1,pt_spectrum,-0.8-0.8,41-50,41-50,True,matched_to_manuscript_bin,0.55,0.6,0.575,10.669626125402198,0.008260455876260203,0.47176990480653513,0.47184221749696253
ins1735345,Table 1,10.17182/hepdata.91996.v2/t1,pt_spectrum,-0.8-0.8,51-60,51-60,True,matched_to_manuscript_bin,0.55,0.6,0.575,14.307705425404695,0.014136206211790412,0.6284571468186075,0.6286161131512993
ins1735345,Table 1,10.17182/hepdata.91996.v2/t1,pt_spectrum,-0.8-0.8,61-70,61-70,True,matched_to_manuscript_bin,0.55,0.6,0.575,17.768730471360346,0.024189593290257373,0.5917092485454144,0.5922034880323883
ins1735345,Table 1,10.17182/hepdata.91996.v2/t1,pt_spectrum,-0.8-0.8,71-80,71-80,True,matched_to_manuscript_bin,0.55,0.6,0.575,21.142450803712464,0.04189787214246226,0.7008635180116077,0.7021147360436707
ins1735345,Table 1,10.17182/hepdata.91996.v2/t1,pt_spectrum,-0.8-0.8,81-90,81-90,True,matched_to_manuscript_bin,0.55,0.6,0.575,24.39166309893943,0.07380311948704775,0.8087612644956748,0.8121217171056702
ins1735345,Table 1,10.17182/hepdata.91996.v2/t1,pt_spectrum,-0.8-0.8,91-100,91-100,True,matched_to_manuscript_bin,0.55,0.6,0.575,27.524244404771835,0.13178338335978101,0.9134788358682624,0.9229357744225688
ins1735345,Table 1,10.17182/hepdata.91996.v2/t1,pt_spectrum,-0.8-0.8,101-125,101-125,True,matched_to_manuscript_bin,0.55,0.6,0.575,30.314381662886113,0.22279010405938746,1.0393774185932372,1.0629867585009394
ins1735345,Table 1,10.17182/hepdata.91996.v2/t1,pt_spectrum,-0.8-0.8,126-150,126-150,True,matched_to_manuscript_bin,0.55,0.6,0.575,38.30463206292532,0.6083669980582452,1.175126902203466,1.3232662772884056
ins1735345,Table 1,10.17182/hepdata.91996.v2/t1,pt_spectrum,-0.8-0.8,21-30,21-30,True,matched_to_manuscript_bin,0.6,0.65,0.625,1.5020480005887074,0.0014008211976828105,0.1539246261671034,0.15393100025891604
ins1735345,Table 1,10.17182/hepdata.91996.v2/t1,pt_spectrum,-0.8-0.8,31-40,31-40,True,matched_to_manuscript_bin,0.6,0.65,0.625,6.108462216989194,0.004386345121116502,0.2709278044234163,0.27096330975468697
ins1735345,Table 1,10.17182/hepdata.91996.v2/t1,pt_spectrum,-0.8-0.8,41-50,41-50,True,matched_to_manuscript_bin,0.6,0.65,0.625,9.543360041209997,0.007976576219898203,0.4235830699919687,0.423658167573827
ins1735345,Table 1,10.17182/hepdata.91996.v2/t1,pt_spectrum,-0.8-0.8,51-60,51-60,True,matched_to_manuscript_bin,0.6,0.65,0.625,12.874657453330583,0.01369926601616841,0.5678831571654547,0.5680483694911783
ins1735345,Table 1,10.17182/hepdata.91996.v2/t1,pt_spectrum,-0.8-0.8,61-70,61-70,True,matched_to_manuscript_bin,0.6,0.65,0.625,16.05938033214543,0.02347469089161817,0.5384532869082066,0.5389647514399327
ins1735345,Table 1,10.17182/hepdata.91996.v2/t1,pt_spectrum,-0.8-0.8,71-80,71-80,True,matched_to_manuscript_bin,0.6,0.65,0.625,19.15029988950593,0.04072121958361496,0.6405921708169497,0.6418851509704435
ins1735345,Table 1,10.17182/hepdata.91996.v2/t1,pt_spectrum,-0.8-0.8,81-90,81-90,True,matched_to_manuscript_bin,0.6,0.65,0.625,22.238220551806645,0.07191647040354157,0.7462425675095054,0.7496999054811746
ins1735345,Table 1,10.17182/hepdata.91996.v2/t1,pt_spectrum,-0.8-0.8,91-100,91-100,True,matched_to_manuscript_bin,0.6,0.65,0.625,25.043935696040716,0.12845749451174387,0.8376695590545898,0.8474618682058478
ins1735345,Table 1,10.17182/hepdata.91996.v2/t1,pt_spectrum,-0.8-0.8,101-125,101-125,True,matched_to_manuscript_bin,0.6,0.65,0.625,27.91029387986784,0.21808965951133627,0.9602737582546935,0.9847277747572494
ins1735345,Table 1,10.17182/hepdata.91996.v2/t1,pt_spectrum,-0.8-0.8,126-150,126-150,True,matched_to_manuscript_bin,0.6,0.65,0.625,35.07634193851488,0.5945265859057446,1.0121981153776214,1.1738853803173244
ins1735345,Table 1,10.17182/hepdata.91996.v2/t1,pt_spectrum,-0.8-0.8,21-30,21-30,True,matched_to_manuscript_bin,0.65,0.7,0.675,1.2696614380166966,0.0013284228653600866,0.13243448686396,0.13244114926347328
ins1735345,Table 1,10.17182/hepdata.91996.v2/t1,pt_spectrum,-0.8-0.8,31-40,31-40,True,matched_to_manuscript_bin,0.65,0.7,0.675,5.41412055096263,0.004232336886418796,0.24153644113847433,0.2415735189820271
ins1735345,Table 1,10.17182/hepdata.91996.v2/t1,pt_spectrum,-0.8-0.8,41-50,41-50,True,matched_to_manuscript_bin,0.65,0.7,0.675,8.576300661169208,0.007743866430040498,0.3822119352522193,0.38229037512934194
ins1735345,Table 1,10.17182/hepdata.91996.v2/t1,pt_spectrum,-0.8-0.8,51-60,51-60,True,matched_to_manuscript_bin,0.65,0.7,0.675,11.615474159683508,0.013330027170795868,0.5150395521914843,0.5152120242637771
ins1735345,Table 1,10.17182/hepdata.91996.v2/t1,pt_spectrum,-0.8-0.8,61-70,61-70,True,matched_to_manuscript_bin,0.65,0.7,0.675,14.599906061362834,0.022919366455658705,0.49321636959794657,0.4937486046543393
ins1735345,Table 1,10.17182/hepdata.91996.v2/t1,pt_spectrum,-0.8-0.8,71-80,71-80,True,matched_to_manuscript_bin,0.65,0.7,0.675,17.48527734941376,0.039841180077189134,0.5894793571211858,0.5908241972887955
ins1735345,Table 1,10.17182/hepdata.91996.v2/t1,pt_spectrum,-0.8-0.8,81-90,81-90,True,matched_to_manuscript_bin,0.65,0.7,0.675,20.21787514332668,0.07026321650174626,0.6858038687524407,0.6893938395351282
ins1735345,Table 1,10.17182/hepdata.91996.v2/t1,pt_spectrum,-0.8-0.8,91-100,91-100,True,matched_to_manuscript_bin,0.65,0.7,0.675,22.871721503972644,0.12574143380337316,0.7715145852553,0.7816940983764593
ins1735345,Table 1,10.17182/hepdata.91996.v2/t1,pt_spectrum,-0.8-0.8,101-125,101-125,True,matched_to_manuscript_bin,0.65,0.7,0.675,25.508352824892356,0.2140055505620854,0.8870975358876068,0.9125461160123608
ins1735345,Table 1,10.17182/hepdata.91996.v2/t1,pt_spectrum,-0.8-0.8,126-150,126-150,True,matched_to_manuscript_bin,0.65,0.7,0.675,32.72531030719962,0.5875412540641731,0.9409717680358091,1.1093388091416156
ins1735345,Table 1,10.17182/hepdata.91996.v2/t1,pt_spectrum,-0.8-0.8,21-30,21-30,True,matched_to_manuscript_bin,0.7,0.75,0.725,1.0863091082657022,0.0012585091253288067,0.1150214376617501,0.11502832245579521
ins1735345,Table 1,10.17182/hepdata.91996.v2/t1,pt_spectrum,-0.8-0.8,31-40,31-40,True,matched_to_manuscript_bin,0.7,0.75,0.725,4.813919037638143,0.004059447380197169,0.21596789563504726,0.21600604403132626
ins1735345,Table 1,10.17182/hepdata.91996.v2/t1,pt_spectrum,-0.8-0.8,41-50,41-50,True,matched_to_manuscript_bin,0.7,0.75,0.725,7.711637578599545,0.007465247015299632,0.34559039505556555,0.34567101566035485
ins1735345,Table 1,10.17182/hepdata.91996.v2/t1,pt_spectrum,-0.8-0.8,51-60,51-60,True,matched_to_manuscript_bin,0.7,0.75,0.725,10.522980333565314,0.012896703235278046,0.46897251572791787,0.4691498113209799
ins1735345,Table 1,10.17182/hepdata.91996.v2/t1,pt_spectrum,-0.8-0.8,61-70,61-70,True,matched_to_manuscript_bin,0.7,0.75,0.725,13.304519752878027,0.02224220101326877,0.4536301444618778,0.45417510221325297
ins1735345,Table 1,10.17182/hepdata.91996.v2/t1,pt_spectrum,-0.8-0.8,71-80,71-80,True,matched_to_manuscript_bin,0.7,0.75,0.725,15.940861643410422,0.03866596821342692,0.5435330517397843,0.5449066300123763
ins1735345,Table 1,10.17182/hepdata.91996.v2/t1,pt_spectrum,-0.8-0.8,81-90,81-90,True,matched_to_manuscript_bin,0.7,0.75,0.725,18.568587099838243,0.06841450865869943,0.6328597356468868,0.6365469267839243
ins1735345,Table 1,10.17182/hepdata.91996.v2/t1,pt_spectrum,-0.8-0.8,91-100,91-100,True,matched_to_manuscript_bin,0.7,0.75,0.725,21.01044155788347,0.12242663810088669,0.7156027989202725,0.7259997572583708
ins1735345,Table 1,10.17182/hepdata.91996.v2/t1,pt_spectrum,-0.8-0.8,101-125,101-125,True,matched_to_manuscript_bin,0.7,0.75,0.725,23.347880437094155,0.20831867037001148,0.8200926028480678,0.8461374271776709
ins1735345,Table 1,10.17182/hepdata.91996.v2/t1,pt_spectrum,-0.8-0.8,126-150,126-150,True,matched_to_manuscript_bin,0.7,0.75,0.725,30.155863450826917,0.5730110584966805,0.866977942282287,1.0392268402824838
ins1735345,Table 1,10.17182/hepdata.91996.v2/t1,pt_spectrum,-0.8-0.8,21-30,21-30,True,matched_to_manuscript_bin,0.75,0.8,0.775,0.9159859399008756,0.0011822567619780662,0.0994923428663489,0.09949936693309344
ins1735345,Table 1,10.17182/hepdata.91996.v2/t1,pt_spectrum,-0.8-0.8,31-40,31-40,True,matched_to_manuscript_bin,0.75,0.8,0.775,4.277902756436608,0.0038866481167713217,0.19329150437326173,0.19333057620682317
ins1735345,Table 1,10.17182/hepdata.91996.v2/t1,pt_spectrum,-0.8-0.8,41-50,41-50,True,matched_to_manuscript_bin,0.75,0.8,0.775,6.939015793061635,0.007190685180845934,0.3127877199370851,0.31287036244555094
ins1735345,Table 1,10.17182/hepdata.91996.v2/t1,pt_spectrum,-0.8-0.8,51-60,51-60,True,matched_to_manuscript_bin,0.75,0.8,0.775,9.549970899070143,0.012473500684810863,0.42810965037358056,0.42829132720885604
ins1735345,Table 1,10.17182/hepdata.91996.v2/t1,pt_spectrum,-0.8-0.8,61-70,61-70,True,matched_to_manuscript_bin,0.75,0.8,0.775,12.161217014377321,0.0215661688703992,0.4177102265022164,0.4182665812185806
ins1735345,Table 1,10.17182/hepdata.91996.v2/t1,pt_spectrum,-0.8-0.8,71-80,71-80,True,matched_to_manuscript_bin,0.75,0.8,0.775,14.560292985911248,0.037527746774820576,0.49958739700567195,0.5009949091806203
ins1735345,Table 1,10.17182/hepdata.91996.v2/t1,pt_spectrum,-0.8-0.8,81-90,81-90,True,matched_to_manuscript_bin,0.75,0.8,0.775,17.056439098332383,0.06654269454769962,0.5891582521829536,0.5929041881391471
ins1735345,Table 1,10.17182/hepdata.91996.v2/t1,pt_spectrum,-0.8-0.8,91-100,91-100,True,matched_to_manuscript_bin,0.75,0.8,0.775,19.288194227429578,0.1191680429886905,0.6637315841582976,0.6743445990582543
ins1735345,Table 1,10.17182/hepdata.91996.v2/t1,pt_spectrum,-0.8-0.8,101-125,101-125,True,matched_to_manuscript_bin,0.75,0.8,0.775,21.638007082231162,0.2033125484482431,0.7654798014296639,0.7920197716934324
ins1735345,Table 1,10.17182/hepdata.91996.v2/t1,pt_spectrum,-0.8-0.8,126-150,126-150,True,matched_to_manuscript_bin,0.75,0.8,0.775,27.726974203249004,0.557912974940546,0.8067707622133479,0.9808903865209999
ins1735345,Table 1,10.17182/hepdata.91996.v2/t1,pt_spectrum,-0.8-0.8,21-30,21-30,True,matched_to_manuscript_bin,0.8,0.85,0.825,0.783306563710655,0.001119074132053474,0.08655437332964104,0.08656160736377247
ins1735345,Table 1,10.17182/hepdata.91996.v2/t1,pt_spectrum,-0.8-0.8,31-40,31-40,True,matched_to_manuscript_bin,0.8,0.85,0.825,3.807274989238573,0.0037230872079897317,0.17326437324983113,0.1733043692929151
ins1735345,Table 1,10.17182/hepdata.91996.v2/t1,pt_spectrum,-0.8-0.8,41-50,41-50,True,matched_to_manuscript_bin,0.8,0.85,0.825,6.261459459746176,0.006928808212242609,0.28388837639214487,0.28397291883876913
ins1735345,Table 1,10.17182/hepdata.91996.v2/t1,pt_spectrum,-0.8-0.8,51-60,51-60,True,matched_to_manuscript_bin,0.8,0.85,0.825,8.661049332791869,0.01205174458005423,0.3906558535510872,0.39084170767863474
ins1735345,Table 1,10.17182/hepdata.91996.v2/t1,pt_spectrum,-0.8-0.8,61-70,61-70,True,matched_to_manuscript_bin,0.8,0.85,0.825,11.070145877918941,0.02089257219471067,0.3847815091342519,0.385348296148489
ins1735345,Table 1,10.17182/hepdata.91996.v2/t1,pt_spectrum,-0.8-0.8,71-80,71-80,True,matched_to_manuscript_bin,0.8,0.85,0.825,13.377783643856537,0.03647556618888406,0.4635187338436518,0.46495170023651033
ins1735345,Table 1,10.17182/hepdata.91996.v2/t1,pt_spectrum,-0.8-0.8,81-90,81-90,True,matched_to_manuscript_bin,0.8,0.85,0.825,15.607584971228448,0.0646091000641264,0.5438425313802423,0.5476669012722661
ins1735345,Table 1,10.17182/hepdata.91996.v2/t1,pt_spectrum,-0.8-0.8,91-100,91-100,True,matched_to_manuscript_bin,0.8,0.85,0.825,17.761536586315763,0.11591293352687936,0.614880307300981,0.6257104765507411
ins1735345,Table 1,10.17182/hepdata.91996.v2/t1,pt_spectrum,-0.8-0.8,101-125,101-125,True,matched_to_manuscript_bin,0.8,0.85,0.825,19.800122338245615,0.19799568773416415,0.7107801238257385,0.7378419050088283
ins1735345,Table 1,10.17182/hepdata.91996.v2/t1,pt_spectrum,-0.8-0.8,126-150,126-150,True,matched_to_manuscript_bin,0.8,0.85,0.825,26.043736236947375,0.5479526956406778,0.7644070119590709,0.940515941700129
ins1735345,Table 1,10.17182/hepdata.91996.v2/t1,pt_spectrum,-0.8-0.8,21-30,21-30,True,matched_to_manuscript_bin,0.85,0.9,0.875,0.6614588318388342,0.0010527214470108823,0.0753056761224712,0.07531303392313661
ins1735345,Table 1,10.17182/hepdata.91996.v2/t1,pt_spectrum,-0.8-0.8,31-40,31-40,True,matched_to_manuscript_bin,0.85,0.9,0.875,3.4043659392103174,0.0035712319706580034,0.15599005242393807,0.15603092691197856
ins1735345,Table 1,10.17182/hepdata.91996.v2/t1,pt_spectrum,-0.8-0.8,41-50,41-50,True,matched_to_manuscript_bin,0.85,0.9,0.875,5.660118228718683,0.006681686775108665,0.2584166630204671,0.2585030302816474
ins1735345,Table 1,10.17182/hepdata.91996.v2/t1,pt_spectrum,-0.8-0.8,51-60,51-60,True,matched_to_manuscript_bin,0.85,0.9,0.875,7.8946882310400674,0.011659838270672889,0.3579856300887428,0.3581754642330103
ins1735345,Table 1,10.17182/hepdata.91996.v2/t1,pt_spectrum,-0.8-0.8,61-70,61-70,True,matched_to_manuscript_bin,0.85,0.9,0.875,10.062375922960847,0.02020392305206578,0.3534629306444065,0.3540398873664185
ins1735345,Table 1,10.17182/hepdata.91996.v2/t1,pt_spectrum,-0.8-0.8,71-80,71-80,True,matched_to_manuscript_bin,0.85,0.9,0.875,12.206304385273121,0.0353243791844028,0.42815128368867705,0.42960602124391306
ins1735345,Table 1,10.17182/hepdata.91996.v2/t1,pt_spectrum,-0.8-0.8,81-90,81-90,True,matched_to_manuscript_bin,0.85,0.9,0.875,14.2871889948539,0.06272625361998484,0.500891664808405,0.504803964690982
ins1735345,Table 1,10.17182/hepdata.91996.v2/t1,pt_spectrum,-0.8-0.8,91-100,91-100,True,matched_to_manuscript_bin,0.85,0.9,0.875,16.496183655895592,0.11314142963388057,0.5767155381703314,0.5877089373718025
ins1735345,Table 1,10.17182/hepdata.91996.v2/t1,pt_spectrum,-0.8-0.8,101-125,101-125,True,matched_to_manuscript_bin,0.85,0.9,0.875,18.343341757981513,0.19242506673067405,0.6627006781871095,0.6900721666434311
ins1735345,Table 1,10.17182/hepdata.91996.v2/t1,pt_spectrum,-0.8-0.8,126-150,126-150,True,matched_to_manuscript_bin,0.85,0.9,0.875,23.361374052227088,0.5267991431205459,0.7043905095415784,0.8795927052475969
ins1735345,Table 1,10.17182/hepdata.91996.v2/t1,pt_spectrum,-0.8-0.8,21-30,21-30,True,matched_to_manuscript_bin,0.9,0.95,0.925,0.5694241931634957,0.0009953642421080295,0.06581532341612006,0.0658228497282133
ins1735345,Table 1,10.17182/hepdata.91996.v2/t1,pt_spectrum,-0.8-0.8,31-40,31-40,True,matched_to_manuscript_bin,0.9,0.95,0.925,3.0264516163244437,0.0034088858417071896,0.13991172411337852,0.13995324593256112
ins1735345,Table 1,10.17182/hepdata.91996.v2/t1,pt_spectrum,-0.8-0.8,41-50,41-50,True,matched_to_manuscript_bin,0.9,0.95,0.925,5.105693521444941,0.006416855919105838,0.23462567209004564,0.23471340405607896
ins1735345,Table 1,10.17182/hepdata.91996.v2/t1,pt_spectrum,-0.8-0.8,51-60,51-60,True,matched_to_manuscript_bin,0.9,0.95,0.925,7.138000212115892,0.011221707506029991,0.32629821485270283,0.326491120454158
ins1735345,Table 1,10.17182/hepdata.91996.v2/t1,pt_spectrum,-0.8-0.8,61-70,61-70,True,matched_to_manuscript_bin,0.9,0.95,0.925,9.190304781627985,0.019529127969549424,0.32654955512972456,0.32713299863308204
ins1735345,Table 1,10.17182/hepdata.91996.v2/t1,pt_spectrum,-0.8-0.8,71-80,71-80,True,matched_to_manuscript_bin,0.9,0.95,0.925,11.209561534860194,0.034234538319669695,0.39735532914697375,0.3988273576567445
ins1735345,Table 1,10.17182/hepdata.91996.v2/t1,pt_spectrum,-0.8-0.8,81-90,81-90,True,matched_to_manuscript_bin,0.9,0.95,0.925,13.13320293949021,0.06079159143794129,0.46839893342618905,0.4723274059636483
ins1735345,Table 1,10.17182/hepdata.91996.v2/t1,pt_spectrum,-0.8-0.8,91-100,91-100,True,matched_to_manuscript_bin,0.9,0.95,0.925,15.024814949217994,0.1094290212459327,0.5378255259148501,0.5488451575958632
ins1735345,Table 1,10.17182/hepdata.91996.v2/t1,pt_spectrum,-0.8-0.8,101-125,101-125,True,matched_to_manuscript_bin,0.9,0.95,0.925,17.168277466765964,0.1869318024176523,0.6222568536249583,0.649728474547903
ins1735345,Table 1,10.17182/hepdata.91996.v2/t1,pt_spectrum,-0.8-0.8,126-150,126-150,True,matched_to_manuscript_bin,0.9,0.95,0.925,20.906068784988832,0.5049608552446107,0.6641285074462417,0.8342973928594895
ins1735345,Table 1,10.17182/hepdata.91996.v2/t1,pt_spectrum,-0.8-0.8,21-30,21-30,True,matched_to_manuscript_bin,0.95,1.0,0.975,0.4800809889161191,0.0009255302062571642,0.057291993260704166,0.05729946856601085
ins1735345,Table 1,10.17182/hepdata.91996.v2/t1,pt_spectrum,-0.8-0.8,31-40,31-40,True,matched_to_manuscript_bin,0.95,1.0,0.975,2.7086134318566835,0.003232738710197942,0.12622171389406636,0.1262631048957848
ins1735345,Table 1,10.17182/hepdata.91996.v2/t1,pt_spectrum,-0.8-0.8,41-50,41-50,True,matched_to_manuscript_bin,0.95,1.0,0.975,4.607669224128562,0.006111902803430962,0.2136483993700071,0.21373580399466216
ins1735345,Table 1,10.17182/hepdata.91996.v2/t1,pt_spectrum,-0.8-0.8,51-60,51-60,True,matched_to_manuscript_bin,0.95,1.0,0.975,6.530032775114695,0.010744843230047622,0.3004175257541173,0.30060961634030275
ins1735345,Table 1,10.17182/hepdata.91996.v2/t1,pt_spectrum,-0.8-0.8,61-70,61-70,True,matched_to_manuscript_bin,0.95,1.0,0.975,8.382068574953928,0.018694787010188483,0.3019257974950775,0.30250402022848366
ins1735345,Table 1,10.17182/hepdata.91996.v2/t1,pt_spectrum,-0.8-0.8,71-80,71-80,True,matched_to_manuscript_bin,0.95,1.0,0.975,10.283418625253837,0.03283964135820136,0.36887829827876717,0.3703371990302546
ins1735345,Table 1,10.17182/hepdata.91996.v2/t1,pt_spectrum,-0.8-0.8,81-90,81-90,True,matched_to_manuscript_bin,0.95,1.0,0.975,12.050582423015117,0.0583267182963335,0.4361171308745739,0.44000017944256575
ins1735345,Table 1,10.17182/hepdata.91996.v2/t1,pt_spectrum,-0.8-0.8,91-100,91-100,True,matched_to_manuscript_bin,0.95,1.0,0.975,13.711921990625113,0.10481357468495604,0.4948559489030592,0.5058342570476875
ins1735345,Table 1,10.17182/hepdata.91996.v2/t1,pt_spectrum,-0.8-0.8,101-125,101-125,True,matched_to_manuscript_bin,0.95,1.0,0.975,15.654041651984107,0.18029877890657206,0.5804881240270173,0.6078438218914517
ins1735345,Table 1,10.17182/hepdata.91996.v2/t1,pt_spectrum,-0.8-0.8,126-150,126-150,True,matched_to_manuscript_bin,0.95,1.0,0.975,20.300170314151792,0.4972784663645232,0.6470448430130749,0.8160593740529343
ins1735345,Table 1,10.17182/hepdata.91996.v2/t1,pt_spectrum,-0.8-0.8,21-30,21-30,True,matched_to_manuscript_bin,1.0,1.1,1.05,0.38652547595175524,0.0005906626562843354,0.051198799095762346,0.05120220611674622
ins1735345,Table 1,10.17182/hepdata.91996.v2/t1,pt_spectrum,-0.8-0.8,31-40,31-40,True,matched_to_manuscript_bin,1.0,1.1,1.05,2.297217991539923,0.002093621174031753,0.1345736213771455,0.1345899060857822
ins1735345,Table 1,10.17182/hepdata.91996.v2/t1,pt_spectrum,-0.8-0.8,41-50,41-50,True,matched_to_manuscript_bin,1.0,1.1,1.05,3.9827833166230566,0.003990246007328259,0.2324894588044053,0.23252369883167665
ins1735345,Table 1,10.17182/hepdata.91996.v2/t1,pt_spectrum,-0.8-0.8,51-60,51-60,True,matched_to_manuscript_bin,1.0,1.1,1.05,5.680515475475512,0.007039531067224136,0.3292641160752259,0.329339358614251
ins1735345,Table 1,10.17182/hepdata.91996.v2/t1,pt_spectrum,-0.8-0.8,61-70,61-70,True,matched_to_manuscript_bin,1.0,1.1,1.05,7.353092879572896,0.01228758589652999,0.3455608119369621,0.3457792063061298
ins1735345,Table 1,10.17182/hepdata.91996.v2/t1,pt_spectrum,-0.8-0.8,71-80,71-80,True,matched_to_manuscript_bin,1.0,1.1,1.05,9.004741487941292,0.02161016533188262,0.4225391028389546,0.42309135263394354
ins1735345,Table 1,10.17182/hepdata.91996.v2/t1,pt_spectrum,-0.8-0.8,81-90,81-90,True,matched_to_manuscript_bin,1.0,1.1,1.05,10.78897521689656,0.03869282377047035,0.504861112802392,0.5063416611650696
ins1735345,Table 1,10.17182/hepdata.91996.v2/t1,pt_spectrum,-0.8-0.8,91-100,91-100,True,matched_to_manuscript_bin,1.0,1.1,1.05,12.283456776886137,0.06954910944575778,0.5758520604940045,0.5800367869367327
ins1735345,Table 1,10.17182/hepdata.91996.v2/t1,pt_spectrum,-0.8-0.8,101-125,101-125,True,matched_to_manuscript_bin,1.0,1.1,1.05,13.743370568014457,0.11905223126808429,0.6678345286957981,0.6783630233792584
ins1735345,Table 1,10.17182/hepdata.91996.v2/t1,pt_spectrum,-0.8-0.8,126-150,126-150,True,matched_to_manuscript_bin,1.0,1.1,1.05,18.242620811098377,0.3306000834992479,0.7257077517045216,0.7974635766564773
ins1735345,Table 1,10.17182/hepdata.91996.v2/t1,pt_spectrum,-0.8-0.8,21-30,21-30,True,matched_to_manuscript_bin,1.1,1.2,1.15,0.2855894795619669,0.0005111195926659628,0.03964674798493512,0.03965004248445346
ins1735345,Table 1,10.17182/hepdata.91996.v2/t1,pt_spectrum,-0.8-0.8,31-40,31-40,True,matched_to_manuscript_bin,1.1,1.2,1.15,1.8564268483380473,0.001861811719450216,0.11041421786673825,0.11042991374624098
ins1735345,Table 1,10.17182/hepdata.91996.v2/t1,pt_spectrum,-0.8-0.8,41-50,41-50,True,matched_to_manuscript_bin,1.1,1.2,1.15,3.2912635693378363,0.0035847754421005286,0.19450601232001136,0.19453904349410867
ins1735345,Table 1,10.17182/hepdata.91996.v2/t1,pt_spectrum,-0.8-0.8,51-60,51-60,True,matched_to_manuscript_bin,1.1,1.2,1.15,4.73346459695917,0.006353768343299825,0.278070323274734,0.27814290402286984
ins1735345,Table 1,10.17182/hepdata.91996.v2/t1,pt_spectrum,-0.8-0.8,61-70,61-70,True,matched_to_manuscript_bin,1.1,1.2,1.15,6.211019654988853,0.011154028521687932,0.2968041030352699,0.2970136157330733
ins1735345,Table 1,10.17182/hepdata.91996.v2/t1,pt_spectrum,-0.8-0.8,71-80,71-80,True,matched_to_manuscript_bin,1.1,1.2,1.15,7.6283781631299705,0.01964153814348826,0.3641861551451709,0.3647154310144617
ins1735345,Table 1,10.17182/hepdata.91996.v2/t1,pt_spectrum,-0.8-0.8,81-90,81-90,True,matched_to_manuscript_bin,1.1,1.2,1.15,9.071955039971186,0.03511858821678019,0.4331552496119,0.4345765588531981
ins1735345,Table 1,10.17182/hepdata.91996.v2/t1,pt_spectrum,-0.8-0.8,91-100,91-100,True,matched_to_manuscript_bin,1.1,1.2,1.15,10.505981517100444,0.06358854611589726,0.5028732248248778,0.5068776809476875
ins1735345,Table 1,10.17182/hepdata.91996.v2/t1,pt_spectrum,-0.8-0.8,101-125,101-125,True,matched_to_manuscript_bin,1.1,1.2,1.15,11.980192823225337,0.10956843512160641,0.5908386858779844,0.6009123020083889
ins1735345,Table 1,10.17182/hepdata.91996.v2/t1,pt_spectrum,-0.8-0.8,126-150,126-150,True,matched_to_manuscript_bin,1.1,1.2,1.15,15.707228307387153,0.30326145099877166,0.6343171324926923,0.7030830194476554
ins1735345,Table 1,10.17182/hepdata.91996.v2/t1,pt_spectrum,-0.8-0.8,21-30,21-30,True,matched_to_manuscript_bin,1.2,1.3,1.25,0.21485324350390003,0.00044417798921214625,0.031040654758182715,0.031043832590432384
ins1735345,Table 1,10.17182/hepdata.91996.v2/t1,pt_spectrum,-0.8-0.8,31-40,31-40,True,matched_to_manuscript_bin,1.2,1.3,1.25,1.486193391076424,0.0016443316871792527,0.09063674677607418,0.0906516612801313
ins1735345,Table 1,10.17182/hepdata.91996.v2/t1,pt_spectrum,-0.8-0.8,41-50,41-50,True,matched_to_manuscript_bin,1.2,1.3,1.25,2.6917270452731237,0.003195279606945406,0.16270527871257962,0.16273665085869493
ins1735345,Table 1,10.17182/hepdata.91996.v2/t1,pt_spectrum,-0.8-0.8,51-60,51-60,True,matched_to_manuscript_bin,1.2,1.3,1.25,3.9199902467385024,0.005695726066831991,0.23521756203518648,0.23528651211917184
ins1735345,Table 1,10.17182/hepdata.91996.v2/t1,pt_spectrum,-0.8-0.8,61-70,61-70,True,matched_to_manuscript_bin,1.2,1.3,1.25,5.158350980818895,0.010019156482847963,0.2549402360932078,0.25513703666047455
ins1735345,Table 1,10.17182/hepdata.91996.v2/t1,pt_spectrum,-0.8-0.8,71-80,71-80,True,matched_to_manuscript_bin,1.2,1.3,1.25,6.373201906710307,0.017705819201041518,0.3151448448597486,0.3156418370166651
ins1735345,Table 1,10.17182/hepdata.91996.v2/t1,pt_spectrum,-0.8-0.8,81-90,81-90,True,matched_to_manuscript_bin,1.2,1.3,1.25,7.656033765498503,0.03181609572388027,0.37909366965556707,0.3804264374620083
ins1735345,Table 1,10.17182/hepdata.91996.v2/t1,pt_spectrum,-0.8-0.8,91-100,91-100,True,matched_to_manuscript_bin,1.2,1.3,1.25,9.008527969301612,0.05791187195753989,0.44356817793039227,0.4473326652348503
ins1735345,Table 1,10.17182/hepdata.91996.v2/t1,pt_spectrum,-0.8-0.8,101-125,101-125,True,matched_to_manuscript_bin,1.2,1.3,1.25,10.095742480088683,0.09981386334068373,0.5195626838403152,0.529063502572559
ins1735345,Table 1,10.17182/hepdata.91996.v2/t1,pt_spectrum,-0.8-0.8,126-150,126-150,True,matched_to_manuscript_bin,1.2,1.3,1.25,13.882978970990028,0.28037567192679086,0.5759623815004972,0.6405803480533286
ins1735345,Table 1,10.17182/hepdata.91996.v2/t1,pt_spectrum,-0.8-0.8,21-30,21-30,True,matched_to_manuscript_bin,1.3,1.4,1.35,0.16852144161857258,0.0004014835880905088,0.025091578495181895,0.02509479030498921
ins1735345,Table 1,10.17182/hepdata.91996.v2/t1,pt_spectrum,-0.8-0.8,31-40,31-40,True,matched_to_manuscript_bin,1.3,1.4,1.35,1.2360316300571157,0.001509148881340609,0.0756769832834144,0.07569202949600595
ins1735345,Table 1,10.17182/hepdata.91996.v2/t1,pt_spectrum,-0.8-0.8,41-50,41-50,True,matched_to_manuscript_bin,1.3,1.4,1.35,2.2845009133001826,0.00295553129084116,0.13798890164763367,0.1380205497131911
ins1735345,Table 1,10.17182/hepdata.91996.v2/t1,pt_spectrum,-0.8-0.8,51-60,51-60,True,matched_to_manuscript_bin,1.3,1.4,1.35,3.3479610635413546,0.005292335384397182,0.2012393977816818,0.20130897653446778
ins1735345,Table 1,10.17182/hepdata.91996.v2/t1,pt_spectrum,-0.8-0.8,61-70,61-70,True,matched_to_manuscript_bin,1.3,1.4,1.35,4.471810578369012,0.009365304920547988,0.22084302222695812,0.22104151058701973
ins1735345,Table 1,10.17182/hepdata.91996.v2/t1,pt_spectrum,-0.8-0.8,71-80,71-80,True,matched_to_manuscript_bin,1.3,1.4,1.35,5.5475543095065225,0.016590261411524008,0.27444214234299313,0.27494313278842664
ins1735345,Table 1,10.17182/hepdata.91996.v2/t1,pt_spectrum,-0.8-0.8,81-90,81-90,True,matched_to_manuscript_bin,1.3,1.4,1.35,6.707754945578677,0.029851950114042656,0.3310897716595392,0.3324328139988246
ins1735345,Table 1,10.17182/hepdata.91996.v2/t1,pt_spectrum,-0.8-0.8,91-100,91-100,True,matched_to_manuscript_bin,1.3,1.4,1.35,7.7404061258640064,0.05405764716825932,0.3832223931596301,0.3870163198579126
ins1735345,Table 1,10.17182/hepdata.91996.v2/t1,pt_spectrum,-0.8-0.8,101-125,101-125,True,matched_to_manuscript_bin,1.3,1.4,1.35,8.938996047509331,0.09373547534898165,0.4558434587792855,0.4653811322462071
ins1735345,Table 1,10.17182/hepdata.91996.v2/t1,pt_spectrum,-0.8-0.8,126-150,126-150,True,matched_to_manuscript_bin,1.3,1.4,1.35,11.841862944655205,0.2603617588597242,0.4927964729523792,0.5573478350463328
ins1735345,Table 1,10.17182/hepdata.91996.v2/t1,pt_spectrum,-0.8-0.8,21-30,21-30,True,matched_to_manuscript_bin,1.4,1.5,1.45,0.12424450643808237,0.00034551937351748996,0.019519442619551807,0.019522500449877096
ins1735345,Table 1,10.17182/hepdata.91996.v2/t1,pt_spectrum,-0.8-0.8,31-40,31-40,True,matched_to_manuscript_bin,1.4,1.5,1.45,0.9866043872170323,0.0013273773808119593,0.06278506633260943,0.06279909621245561
ins1735345,Table 1,10.17182/hepdata.91996.v2/t1,pt_spectrum,-0.8-0.8,41-50,41-50,True,matched_to_manuscript_bin,1.4,1.5,1.45,1.8591154506658436,0.002622644856111327,0.11651537168362681,0.11654488450642093
ins1735345,Table 1,10.17182/hepdata.91996.v2/t1,pt_spectrum,-0.8-0.8,51-60,51-60,True,matched_to_manuscript_bin,1.4,1.5,1.45,2.750472007456157,0.0047166835084184195,0.17147462694216553,0.17153948463334448
ins1735345,Table 1,10.17182/hepdata.91996.v2/t1,pt_spectrum,-0.8-0.8,61-70,61-70,True,matched_to_manuscript_bin,1.4,1.5,1.45,3.697108489684927,0.008374266008147372,0.1925198872348215,0.19270193385662635
ins1735345,Table 1,10.17182/hepdata.91996.v2/t1,pt_spectrum,-0.8-0.8,71-80,71-80,True,matched_to_manuscript_bin,1.4,1.5,1.45,4.622660075064402,0.01487739638737681,0.24082170227993852,0.2412808098715571
ins1735345,Table 1,10.17182/hepdata.91996.v2/t1,pt_spectrum,-0.8-0.8,81-90,81-90,True,matched_to_manuscript_bin,1.4,1.5,1.45,5.60161090979975,0.02684208897298457,0.2911462234014111,0.2923809520836438
ins1735345,Table 1,10.17182/hepdata.91996.v2/t1,pt_spectrum,-0.8-0.8,91-100,91-100,True,matched_to_manuscript_bin,1.4,1.5,1.45,6.564452646537538,0.048895267661586354,0.3415299459047427,0.3450122478251963
ins1735345,Table 1,10.17182/hepdata.91996.v2/t1,pt_spectrum,-0.8-0.8,101-125,101-125,True,matched_to_manuscript_bin,1.4,1.5,1.45,7.562767917899995,0.08476575865866992,0.4067455230279533,0.4154842407893026
ins1735345,Table 1,10.17182/hepdata.91996.v2/t1,pt_spectrum,-0.8-0.8,126-150,126-150,True,matched_to_manuscript_bin,1.4,1.5,1.45,10.047063609236252,0.23576642893255204,0.44083833102239145,0.4999242373702396
ins1735345,Table 1,10.17182/hepdata.91996.v2/t1,pt_spectrum,-0.8-0.8,21-30,21-30,True,matched_to_manuscript_bin,1.5,1.6,1.55,0.0986003012630277,0.0003138543718770836,0.015956231008754877,0.01595931742185414
ins1735345,Table 1,10.17182/hepdata.91996.v2/t1,pt_spectrum,-0.8-0.8,31-40,31-40,True,matched_to_manuscript_bin,1.5,1.6,1.55,0.8255528776619642,0.0012208279128539047,0.05271180059685623,0.05272593615058471
ins1735345,Table 1,10.17182/hepdata.91996.v2/t1,pt_spectrum,-0.8-0.8,41-50,41-50,True,matched_to_manuscript_bin,1.5,1.6,1.55,1.5810210884120095,0.0024292568804601938,0.09918901252675619,0.0992187557623268
ins1735345,Table 1,10.17182/hepdata.91996.v2/t1,pt_spectrum,-0.8-0.8,51-60,51-60,True,matched_to_manuscript_bin,1.5,1.6,1.55,2.36627841504191,0.004390352321835723,0.14752004894486467,0.1475853652440008
ins1735345,Table 1,10.17182/hepdata.91996.v2/t1,pt_spectrum,-0.8-0.8,61-70,61-70,True,matched_to_manuscript_bin,1.5,1.6,1.55,3.188751591252737,0.007812534540079212,0.16622980439464882,0.16641329143137318
ins1735345,Table 1,10.17182/hepdata.91996.v2/t1,pt_spectrum,-0.8-0.8,71-80,71-80,True,matched_to_manuscript_bin,1.5,1.6,1.55,4.033708854936173,0.013932310846055736,0.2096662769741984,0.21012866769132763
ins1735345,Table 1,10.17182/hepdata.91996.v2/t1,pt_spectrum,-0.8-0.8,81-90,81-90,True,matched_to_manuscript_bin,1.5,1.6,1.55,4.8415775692577805,0.025109860503287104,0.2526525807447139,0.2538972856323177
ins1735345,Table 1,10.17182/hepdata.91996.v2/t1,pt_spectrum,-0.8-0.8,91-100,91-100,True,matched_to_manuscript_bin,1.5,1.6,1.55,5.823670591001538,0.046062429409947786,0.30088037669893825,0.30438585460832673
ins1735345,Table 1,10.17182/hepdata.91996.v2/t1,pt_spectrum,-0.8-0.8,101-125,101-125,True,matched_to_manuscript_bin,1.5,1.6,1.55,6.4690577027299625,0.07920933772336834,0.3513721112440291,0.36018950531999266
ins1735345,Table 1,10.17182/hepdata.91996.v2/t1,pt_spectrum,-0.8-0.8,126-150,126-150,True,matched_to_manuscript_bin,1.5,1.6,1.55,8.94048100844288,0.2228357728779288,0.3909683379025917,0.450013358597741
ins1735345,Table 1,10.17182/hepdata.91996.v2/t1,pt_spectrum,-0.8-0.8,21-30,21-30,True,matched_to_manuscript_bin,1.6,1.7,1.65,0.07601726802428446,0.0002759523122892723,0.012912238317534044,0.012915186721354523
ins1735345,Table 1,10.17182/hepdata.91996.v2/t1,pt_spectrum,-0.8-0.8,31-40,31-40,True,matched_to_manuscript_bin,1.6,1.7,1.65,0.6702909508952394,0.0010875514947793208,0.04481529065876736,0.04482848475114453
ins1735345,Table 1,10.17182/hepdata.91996.v2/t1,pt_spectrum,-0.8-0.8,41-50,41-50,True,matched_to_manuscript_bin,1.6,1.7,1.65,1.2992087616999706,0.0021775142626046383,0.08540740451460557,0.0854351585372516
ins1735345,Table 1,10.17182/hepdata.91996.v2/t1,pt_spectrum,-0.8-0.8,51-60,51-60,True,matched_to_manuscript_bin,1.6,1.7,1.65,1.9760389555049513,0.0039614763386871515,0.12874259481297387,0.1288035287325605
ins1735345,Table 1,10.17182/hepdata.91996.v2/t1,pt_spectrum,-0.8-0.8,61-70,61-70,True,matched_to_manuscript_bin,1.6,1.7,1.65,2.672479594260435,0.007060280692494563,0.14815276368960167,0.14832089856902758
ins1735345,Table 1,10.17182/hepdata.91996.v2/t1,pt_spectrum,-0.8-0.8,71-80,71-80,True,matched_to_manuscript_bin,1.6,1.7,1.65,3.3641242904115503,0.012585149667847538,0.18660549610924113,0.18702940188734532
ins1735345,Table 1,10.17182/hepdata.91996.v2/t1,pt_spectrum,-0.8-0.8,81-90,81-90,True,matched_to_manuscript_bin,1.6,1.7,1.65,4.08452608244708,0.022752108435965514,0.22699673772093298,0.2281341214597851
ins1735345,Table 1,10.17182/hepdata.91996.v2/t1,pt_spectrum,-0.8-0.8,91-100,91-100,True,matched_to_manuscript_bin,1.6,1.7,1.65,4.8796670500117685,0.041670928565793935,0.2690791525585723,0.27228671768776186
ins1735345,Table 1,10.17182/hepdata.91996.v2/t1,pt_spectrum,-0.8-0.8,101-125,101-125,True,matched_to_manuscript_bin,1.6,1.7,1.65,5.448137517458822,0.07245492878636449,0.318498700031278,0.32663609510746233
ins1735345,Table 1,10.17182/hepdata.91996.v2/t1,pt_spectrum,-0.8-0.8,126-150,126-150,True,matched_to_manuscript_bin,1.6,1.7,1.65,8.050709529285884,0.2083009006983718,0.3728596243456453,0.42709901041670495
ins1735345,Table 1,10.17182/hepdata.91996.v2/t1,pt_spectrum,-0.8-0.8,21-30,21-30,True,matched_to_manuscript_bin,1.7,1.8,1.75,0.061144447391549075,0.00025128720754152747,0.01063067127765381,0.01063364081931526
ins1735345,Table 1,10.17182/hepdata.91996.v2/t1,pt_spectrum,-0.8-0.8,31-40,31-40,True,matched_to_manuscript_bin,1.7,1.8,1.75,0.5604938009640004,0.0009996920827263288,0.037638450435874674,0.037651724203202966
ins1735345,Table 1,10.17182/hepdata.91996.v2/t1,pt_spectrum,-0.8-0.8,41-50,41-50,True,matched_to_manuscript_bin,1.7,1.8,1.75,1.1091113174084808,0.002017027713462807,0.0728993475316405,0.07292724642639249
ins1735345,Table 1,10.17182/hepdata.91996.v2/t1,pt_spectrum,-0.8-0.8,51-60,51-60,True,matched_to_manuscript_bin,1.7,1.8,1.75,1.6966156597681152,0.003683399709308067,0.11061374745460086,0.11067505843399744
ins1735345,Table 1,10.17182/hepdata.91996.v2/t1,pt_spectrum,-0.8-0.8,61-70,61-70,True,matched_to_manuscript_bin,1.7,1.8,1.75,2.3179634044466115,0.006596523902621059,0.12859553205481253,0.12876461079061344
ins1735345,Table 1,10.17182/hepdata.91996.v2/t1,pt_spectrum,-0.8-0.8,71-80,71-80,True,matched_to_manuscript_bin,1.7,1.8,1.75,2.9396771046589816,0.011805353694521837,0.16311972550518572,0.163546358029581
ins1735345,Table 1,10.17182/hepdata.91996.v2/t1,pt_spectrum,-0.8-0.8,81-90,81-90,True,matched_to_manuscript_bin,1.7,1.8,1.75,3.614619758281466,0.021416245836219885,0.20002181038264844,0.20116505714082047
ins1735345,Table 1,10.17182/hepdata.91996.v2/t1,pt_spectrum,-0.8-0.8,91-100,91-100,True,matched_to_manuscript_bin,1.7,1.8,1.75,4.233364829089254,0.03906647976338093,0.23491919287165558,0.23814536951318782
ins1735345,Table 1,10.17182/hepdata.91996.v2/t1,pt_spectrum,-0.8-0.8,101-125,101-125,True,matched_to_manuscript_bin,1.7,1.8,1.75,4.908461609004538,0.06820602777546197,0.28253318810734634,0.2906493843224311
ins1735345,Table 1,10.17182/hepdata.91996.v2/t1,pt_spectrum,-0.8-0.8,126-150,126-150,True,matched_to_manuscript_bin,1.7,1.8,1.75,6.758048068986992,0.19194980047017604,0.31479238279232696,0.3686990238183596
ins1735345,Table 1,10.17182/hepdata.91996.v2/t1,pt_spectrum,-0.8-0.8,21-30,21-30,True,matched_to_manuscript_bin,1.8,1.9,1.85,0.04760243052716881,0.00022285931796161087,0.008916764738801812,0.008919549298184391
ins1735345,Table 1,10.17182/hepdata.91996.v2/t1,pt_spectrum,-0.8-0.8,31-40,31-40,True,matched_to_manuscript_bin,1.8,1.9,1.85,0.4603672842029375,0.0008978526859239586,0.03361086625083244,0.03362285635660611
ins1735345,Table 1,10.17182/hepdata.91996.v2/t1,pt_spectrum,-0.8-0.8,41-50,41-50,True,matched_to_manuscript_bin,1.8,1.9,1.85,0.9221701369018526,0.001821912911219363,0.06587665681769005,0.06590184580216078
ins1735345,Table 1,10.17182/hepdata.91996.v2/t1,pt_spectrum,-0.8-0.8,51-60,51-60,True,matched_to_manuscript_bin,1.8,1.9,1.85,1.4232716205822113,0.003339294407188009,0.10074764565732165,0.1008029711498184
ins1735345,Table 1,10.17182/hepdata.91996.v2/t1,pt_spectrum,-0.8-0.8,61-70,61-70,True,matched_to_manuscript_bin,1.8,1.9,1.85,1.9416568984404696,0.005983968398090854,0.12053399500350272,0.12068244209202003
ins1735345,Table 1,10.17182/hepdata.91996.v2/t1,pt_spectrum,-0.8-0.8,71-80,71-80,True,matched_to_manuscript_bin,1.8,1.9,1.85,2.4934731918940196,0.010754863483332223,0.15443739772364054,0.15481142368764342
ins1735345,Table 1,10.17182/hepdata.91996.v2/t1,pt_spectrum,-0.8-0.8,81-90,81-90,True,matched_to_manuscript_bin,1.8,1.9,1.85,3.050557566407311,0.019522120390983312,0.18946370835676302,0.19046682117591135
ins1735345,Table 1,10.17182/hepdata.91996.v2/t1,pt_spectrum,-0.8-0.8,91-100,91-100,True,matched_to_manuscript_bin,1.8,1.9,1.85,3.662066276847463,0.035870234384651326,0.22626237140079644,0.2290880495065637
ins1735345,Table 1,10.17182/hepdata.91996.v2/t1,pt_spectrum,-0.8-0.8,101-125,101-125,True,matched_to_manuscript_bin,1.8,1.9,1.85,4.16291221881302,0.06228353594585256,0.268529266112619,0.27565776899790084
ins1735345,Table 1,10.17182/hepdata.91996.v2/t1,pt_spectrum,-0.8-0.8,126-150,126-150,True,matched_to_manuscript_bin,1.8,1.9,1.85,5.764172375383537,0.17547703892108527,0.2998501803528482,0.34742239686892334
ins1735345,Table 1,10.17182/hepdata.91996.v2/t1,pt_spectrum,-0.8-0.8,21-30,21-30,True,matched_to_manuscript_bin,1.9,2.0,1.95,0.03836521671786021,0.00020321665905230713,0.0073811582560734945,0.007383955187548087
ins1735345,Table 1,10.17182/hepdata.91996.v2/t1,pt_spectrum,-0.8-0.8,31-40,31-40,True,matched_to_manuscript_bin,1.9,2.0,1.95,0.38717585139679267,0.0008262933399846995,0.02836496148724283,0.028376994218142135
ins1735345,Table 1,10.17182/hepdata.91996.v2/t1,pt_spectrum,-0.8-0.8,41-50,41-50,True,matched_to_manuscript_bin,1.9,2.0,1.95,0.7869651702502456,0.0016864498189270965,0.056218910237769294,0.0562441995348331
ins1735345,Table 1,10.17182/hepdata.91996.v2/t1,pt_spectrum,-0.8-0.8,51-60,51-60,True,matched_to_manuscript_bin,1.9,2.0,1.95,1.2191027866012127,0.0030981197924364674,0.08637384998376732,0.08642939492595461
ins1735345,Table 1,10.17182/hepdata.91996.v2/t1,pt_spectrum,-0.8-0.8,61-70,61-70,True,matched_to_manuscript_bin,1.9,2.0,1.95,1.680212536940066,0.005574734635622266,0.10422767760055832,0.10437665660607995
ins1735345,Table 1,10.17182/hepdata.91996.v2/t1,pt_spectrum,-0.8-0.8,71-80,71-80,True,matched_to_manuscript_bin,1.9,2.0,1.95,2.1591969178782477,0.01002831847339396,0.1338215202110882,0.1341967452772626
ins1735345,Table 1,10.17182/hepdata.91996.v2/t1,pt_spectrum,-0.8-0.8,81-90,81-90,True,matched_to_manuscript_bin,1.9,2.0,1.95,2.6462121200338986,0.01823400596543719,0.16440899915187535,0.1654170425792607
ins1735345,Table 1,10.17182/hepdata.91996.v2/t1,pt_spectrum,-0.8-0.8,91-100,91-100,True,matched_to_manuscript_bin,1.9,2.0,1.95,3.201106121850538,0.03359452245754266,0.19763761566005617,0.20047248954143912
ins1735345,Table 1,10.17182/hepdata.91996.v2/t1,pt_spectrum,-0.8-0.8,101-125,101-125,True,matched_to_manuscript_bin,1.9,2.0,1.95,3.6249389051618364,0.05854912382601329,0.23545774727605648,0.24262800879764296
ins1735345,Table 1,10.17182/hepdata.91996.v2/t1,pt_spectrum,-0.8-0.8,126-150,126-150,True,matched_to_manuscript_bin,1.9,2.0,1.95,5.228444373169295,0.16712299805433448,0.2711605906129585,0.3185249792092255
ins1735345,Table 1,10.17182/hepdata.91996.v2/t1,pt_spectrum,-0.8-0.8,21-30,21-30,True,matched_to_manuscript_bin,2.0,2.2,2.1,0.027634544099480848,0.00012334523395616658,0.005523052029026048,0.005524429179749564
ins1735345,Table 1,10.17182/hepdata.91996.v2/t1,pt_spectrum,-0.8-0.8,31-40,31-40,True,matched_to_manuscript_bin,2.0,2.2,2.1,0.29645960800461046,0.0005082098584044479,0.02179024375534112,0.021796169392289146
ins1735345,Table 1,10.17182/hepdata.91996.v2/t1,pt_spectrum,-0.8-0.8,41-50,41-50,True,matched_to_manuscript_bin,2.0,2.2,2.1,0.6106180869636824,0.001043564312280727,0.04368270488721979,0.043695168299685054
ins1735345,Table 1,10.17182/hepdata.91996.v2/t1,pt_spectrum,-0.8-0.8,51-60,51-60,True,matched_to_manuscript_bin,2.0,2.2,2.1,0.9575956962859064,0.0019276221696199886,0.06790244812085629,0.06792980338580695
ins1735345,Table 1,10.17182/hepdata.91996.v2/t1,pt_spectrum,-0.8-0.8,61-70,61-70,True,matched_to_manuscript_bin,2.0,2.2,2.1,1.3326163427490778,0.0034843688057475133,0.08266835024737612,0.08274174858315068
ins1735345,Table 1,10.17182/hepdata.91996.v2/t1,pt_spectrum,-0.8-0.8,71-80,71-80,True,matched_to_manuscript_bin,2.0,2.2,2.1,1.7214735617214647,0.006286653573860396,0.10674007973887666,0.10692505148850516
ins1735345,Table 1,10.17182/hepdata.91996.v2/t1,pt_spectrum,-0.8-0.8,81-90,81-90,True,matched_to_manuscript_bin,2.0,2.2,2.1,2.1255951634791646,0.01146591752232431,0.1319748796972195,0.13247202019945306
ins1735345,Table 1,10.17182/hepdata.91996.v2/t1,pt_spectrum,-0.8-0.8,91-100,91-100,True,matched_to_manuscript_bin,2.0,2.2,2.1,2.58376513044519,0.02116609332059074,0.1591673065396379,0.16056847441991537
ins1735345,Table 1,10.17182/hepdata.91996.v2/t1,pt_spectrum,-0.8-0.8,101-125,101-125,True,matched_to_manuscript_bin,2.0,2.2,2.1,2.9042837929593404,0.03701879368616344,0.19025987502097666,0.19382778729835512
ins1735345,Table 1,10.17182/hepdata.91996.v2/t1,pt_spectrum,-0.8-0.8,126-150,126-150,True,matched_to_manuscript_bin,2.0,2.2,2.1,4.384768073292075,0.1072376906095888,0.22698369283552416,0.25104087137462194
ins1735345,Table 1,10.17182/hepdata.91996.v2/t1,pt_spectrum,-0.8-0.8,21-30,21-30,True,matched_to_manuscript_bin,2.2,2.4,2.3,0.018313590230546323,0.00010233975984985533,0.0038345769929061667,0.003835942405846499
ins1735345,Table 1,10.17182/hepdata.91996.v2/t1,pt_spectrum,-0.8-0.8,31-40,31-40,True,matched_to_manuscript_bin,2.2,2.4,2.3,0.21081253128402982,0.0004277455495987893,0.015576890718675362,0.01558276261504218
ins1735345,Table 1,10.17182/hepdata.91996.v2/t1,pt_spectrum,-0.8-0.8,41-50,41-50,True,matched_to_manuscript_bin,2.2,2.4,2.3,0.44515131613825715,0.0008873409668527769,0.03187207280265279,0.03188442250894714
ins1735345,Table 1,10.17182/hepdata.91996.v2/t1,pt_spectrum,-0.8-0.8,51-60,51-60,True,matched_to_manuscript_bin,2.2,2.4,2.3,0.7049769396098958,0.0016474936192469028,0.05004315430272697,0.050070265904946024
ins1735345,Table 1,10.17182/hepdata.91996.v2/t1,pt_spectrum,-0.8-0.8,61-70,61-70,True,matched_to_manuscript_bin,2.2,2.4,2.3,0.9910331669825833,0.0029914239360418157,0.0614721750863587,0.061544917962517945
ins1735345,Table 1,10.17182/hepdata.91996.v2/t1,pt_spectrum,-0.8-0.8,71-80,71-80,True,matched_to_manuscript_bin,2.2,2.4,2.3,1.285757724529433,0.005408075302621733,0.07967885690486284,0.07986217825819952
ins1735345,Table 1,10.17182/hepdata.91996.v2/t1,pt_spectrum,-0.8-0.8,81-90,81-90,True,matched_to_manuscript_bin,2.2,2.4,2.3,1.5929050367819189,0.009887771877478522,0.0990489607547881,0.09954127113566819
ins1735345,Table 1,10.17182/hepdata.91996.v2/t1,pt_spectrum,-0.8-0.8,91-100,91-100,True,matched_to_manuscript_bin,2.2,2.4,2.3,1.9510019812152017,0.01835677643107749,0.12082215784171518,0.12220869472533
ins1735345,Table 1,10.17182/hepdata.91996.v2/t1,pt_spectrum,-0.8-0.8,101-125,101-125,True,matched_to_manuscript_bin,2.2,2.4,2.3,2.2990791134964814,0.032255943259085575,0.14725511095212288,0.15074652094511293
ins1735345,Table 1,10.17182/hepdata.91996.v2/t1,pt_spectrum,-0.8-0.8,126-150,126-150,True,matched_to_manuscript_bin,2.2,2.4,2.3,3.119728599731647,0.09038176430877326,0.16258152586523467,0.18601509581814754
ins1735345,Table 1,10.17182/hepdata.91996.v2/t1,pt_spectrum,-0.8-0.8,21-30,21-30,True,matched_to_manuscript_bin,2.4,2.6,2.5,0.012438245602376406,8.564504179234327e-05,0.0027082465538339736,0.0027096004261767466
ins1735345,Table 1,10.17182/hepdata.91996.v2/t1,pt_spectrum,-0.8-0.8,31-40,31-40,True,matched_to_manuscript_bin,2.4,2.6,2.5,0.15183781686776313,0.000362496440741323,0.011264634440715673,0.011270465507356288
ins1735345,Table 1,10.17182/hepdata.91996.v2/t1,pt_spectrum,-0.8-0.8,41-50,41-50,True,matched_to_manuscript_bin,2.4,2.6,2.5,0.3254771921663597,0.0007576063268309689,0.023389678963456485,0.02340194541827694
ins1735345,Table 1,10.17182/hepdata.91996.v2/t1,pt_spectrum,-0.8-0.8,51-60,51-60,True,matched_to_manuscript_bin,2.4,2.6,2.5,0.527344645801346,0.001420201465914831,0.03740511691857249,0.0374320683892283
ins1735345,Table 1,10.17182/hepdata.91996.v2/t1,pt_spectrum,-0.8-0.8,61-70,61-70,True,matched_to_manuscript_bin,2.4,2.6,2.5,0.744765641422878,0.0025836380745510408,0.04619811661032819,0.046270305424124344
ins1735345,Table 1,10.17182/hepdata.91996.v2/t1,pt_spectrum,-0.8-0.8,71-80,71-80,True,matched_to_manuscript_bin,2.4,2.6,2.5,0.966530222815625,0.004683855461464215,0.06009484114497836,0.060277097095199204
ins1735345,Table 1,10.17182/hepdata.91996.v2/t1,pt_spectrum,-0.8-0.8,81-90,81-90,True,matched_to_manuscript_bin,2.4,2.6,2.5,1.2319925760520982,0.008635039982367514,0.0760940543286167,0.07658243283980704
ins1735345,Table 1,10.17182/hepdata.91996.v2/t1,pt_spectrum,-0.8-0.8,91-100,91-100,True,matched_to_manuscript_bin,2.4,2.6,2.5,1.467529168767578,0.015881438359726937,0.09118369989273915,0.09255640015959417
ins1735345,Table 1,10.17182/hepdata.91996.v2/t1,pt_spectrum,-0.8-0.8,101-125,101-125,True,matched_to_manuscript_bin,2.4,2.6,2.5,1.7077740738072913,0.02810571235699124,0.1114568645167559,0.1149459164781438
ins1735345,Table 1,10.17182/hepdata.91996.v2/t1,pt_spectrum,-0.8-0.8,126-150,126-150,True,matched_to_manuscript_bin,2.4,2.6,2.5,2.5652504166966805,0.08136346284129972,0.1330664607522832,0.15597017683732517
ins1735345,Table 1,10.17182/hepdata.91996.v2/t1,pt_spectrum,-0.8-0.8,21-30,21-30,True,matched_to_manuscript_bin,2.6,2.8,2.7,0.0084995248494992,7.205916886430718e-05,0.0019396391128155954,0.0019409771796137854
ins1735345,Table 1,10.17182/hepdata.91996.v2/t1,pt_spectrum,-0.8-0.8,31-40,31-40,True,matched_to_manuscript_bin,2.6,2.8,2.7,0.11104866800445007,0.0003084926223100368,0.00825147024023578,0.008257234938132525
ins1735345,Table 1,10.17182/hepdata.91996.v2/t1,pt_spectrum,-0.8-0.8,41-50,41-50,True,matched_to_manuscript_bin,2.6,2.8,2.7,0.24016673946495148,0.0006474976095704927,0.01728049714180828,0.01729262370557006
ins1735345,Table 1,10.17182/hepdata.91996.v2/t1,pt_spectrum,-0.8-0.8,51-60,51-60,True,matched_to_manuscript_bin,2.6,2.8,2.7,0.3926174162759273,0.001218376794433779,0.027865824823938463,0.02789244763608314
ins1735345,Table 1,10.17182/hepdata.91996.v2/t1,pt_spectrum,-0.8-0.8,61-70,61-70,True,matched_to_manuscript_bin,2.6,2.8,2.7,0.5578939303276341,0.002226843688518308,0.034748759787169965,0.03482003933885679
ins1735345,Table 1,10.17182/hepdata.91996.v2/t1,pt_spectrum,-0.8-0.8,71-80,71-80,True,matched_to_manuscript_bin,2.6,2.8,2.7,0.7422311411029962,0.0040676003097773784,0.04588363224153067,0.046063576499834814
ins1735345,Table 1,10.17182/hepdata.91996.v2/t1,pt_spectrum,-0.8-0.8,81-90,81-90,True,matched_to_manuscript_bin,2.6,2.8,2.7,0.918256940848376,0.0074619758905057915,0.0575300758315884,0.05801198763513281
ins1735345,Table 1,10.17182/hepdata.91996.v2/t1,pt_spectrum,-0.8-0.8,91-100,91-100,True,matched_to_manuscript_bin,2.6,2.8,2.7,1.1717133321099857,0.014029804291884298,0.07170766326089881,0.07306725928079574
ins1735345,Table 1,10.17182/hepdata.91996.v2/t1,pt_spectrum,-0.8-0.8,101-125,101-125,True,matched_to_manuscript_bin,2.6,2.8,2.7,1.3080364022717474,0.024684245624950023,0.0865477092589118,0.08999898866119548
ins1735345,Table 1,10.17182/hepdata.91996.v2/t1,pt_spectrum,-0.8-0.8,126-150,126-150,True,matched_to_manuscript_bin,2.6,2.8,2.7,2.0735959047444292,0.0725997074641079,0.10840646366615421,0.13047098868512977
ins1735345,Table 1,10.17182/hepdata.91996.v2/t1,pt_spectrum,-0.8-0.8,21-30,21-30,True,matched_to_manuscript_bin,2.8,3.0,2.9,0.006061220658766729,6.142899868412332e-05,0.0014190010124599617,0.0014203300303949537
ins1735345,Table 1,10.17182/hepdata.91996.v2/t1,pt_spectrum,-0.8-0.8,31-40,31-40,True,matched_to_manuscript_bin,2.8,3.0,2.9,0.08202248303318355,0.00026499844663203226,0.006129878986678525,0.006135604336008013
ins1735345,Table 1,10.17182/hepdata.91996.v2/t1,pt_spectrum,-0.8-0.8,41-50,41-50,True,matched_to_manuscript_bin,2.8,3.0,2.9,0.18128544611367578,0.0005610302728943362,0.013055794462454792,0.013067843127806865
ins1735345,Table 1,10.17182/hepdata.91996.v2/t1,pt_spectrum,-0.8-0.8,51-60,51-60,True,matched_to_manuscript_bin,2.8,3.0,2.9,0.2986939480574024,0.0010592337458524023,0.02119135051753967,0.021217806505046212
ins1735345,Table 1,10.17182/hepdata.91996.v2/t1,pt_spectrum,-0.8-0.8,61-70,61-70,True,matched_to_manuscript_bin,2.8,3.0,2.9,0.42516296942710785,0.0019387778398887736,0.026478202438036696,0.026549087816007847
ins1735345,Table 1,10.17182/hepdata.91996.v2/t1,pt_spectrum,-0.8-0.8,71-80,71-80,True,matched_to_manuscript_bin,2.8,3.0,2.9,0.5700022965257316,0.0035609566395588777,0.03537410548317059,0.035552886674970544
ins1735345,Table 1,10.17182/hepdata.91996.v2/t1,pt_spectrum,-0.8-0.8,81-90,81-90,True,matched_to_manuscript_bin,2.8,3.0,2.9,0.725818658367025,0.006587634297678923,0.04512106386553868,0.04559942247439079
ins1735345,Table 1,10.17182/hepdata.91996.v2/t1,pt_spectrum,-0.8-0.8,91-100,91-100,True,matched_to_manuscript_bin,2.8,3.0,2.9,0.8944484365380604,0.012263297720004533,0.055796615896733896,0.057128371379701746
ins1735345,Table 1,10.17182/hepdata.91996.v2/t1,pt_spectrum,-0.8-0.8,101-125,101-125,True,matched_to_manuscript_bin,2.8,3.0,2.9,1.0395938493285002,0.02156175693047886,0.06728292293553731,0.07065338690168013
ins1735345,Table 1,10.17182/hepdata.91996.v2/t1,pt_spectrum,-0.8-0.8,126-150,126-150,True,matched_to_manuscript_bin,2.8,3.0,2.9,1.4749206919505444,0.061278849184568725,0.07896811673469167,0.09995529409695622
ins1735345,Table 1,10.17182/hepdata.91996.v2/t1,pt_spectrum,-0.8-0.8,21-30,21-30,True,matched_to_manuscript_bin,3.0,3.2,3.1,0.004348008079086293,5.2553652512589727e-05,0.001046176967036041,0.0010474961254100866
ins1735345,Table 1,10.17182/hepdata.91996.v2/t1,pt_spectrum,-0.8-0.8,31-40,31-40,True,matched_to_manuscript_bin,3.0,3.2,3.1,0.06117103929701002,0.00022836559532194827,0.004583243373254026,0.004588929141270726
ins1735345,Table 1,10.17182/hepdata.91996.v2/t1,pt_spectrum,-0.8-0.8,41-50,41-50,True,matched_to_manuscript_bin,3.0,3.2,3.1,0.1367005655360433,0.00048607905523866997,0.009860257231550935,0.009872231030536827
ins1735345,Table 1,10.17182/hepdata.91996.v2/t1,pt_spectrum,-0.8-0.8,51-60,51-60,True,matched_to_manuscript_bin,3.0,3.2,3.1,0.22822443641463722,0.0009233320504227038,0.016198212913282446,0.016224507501288538
ins1735345,Table 1,10.17182/hepdata.91996.v2/t1,pt_spectrum,-0.8-0.8,61-70,61-70,True,matched_to_manuscript_bin,3.0,3.2,3.1,0.32750394314686154,0.0016965231052733102,0.020445334815024162,0.020515601535055345
ins1735345,Table 1,10.17182/hepdata.91996.v2/t1,pt_spectrum,-0.8-0.8,71-80,71-80,True,matched_to_manuscript_bin,3.0,3.2,3.1,0.44174401841046923,0.0031147151316070444,0.027299964916683447,0.02747707289365461
ins1735345,Table 1,10.17182/hepdata.91996.v2/t1,pt_spectrum,-0.8-0.8,81-90,81-90,True,matched_to_manuscript_bin,3.0,3.2,3.1,0.5425439095693736,0.005710581798926882,0.034537947728854365,0.03500686472398394
ins1735345,Table 1,10.17182/hepdata.91996.v2/t1,pt_spectrum,-0.8-0.8,91-100,91-100,True,matched_to_manuscript_bin,3.0,3.2,3.1,0.7039047050345363,0.010844150316527251,0.04340304078196918,0.04473722773271404
ins1735345,Table 1,10.17182/hepdata.91996.v2/t1,pt_spectrum,-0.8-0.8,101-125,101-125,True,matched_to_manuscript_bin,3.0,3.2,3.1,0.8312184501543445,0.01948734183083766,0.054748045354848035,0.05811286399592101
ins1735345,Table 1,10.17182/hepdata.91996.v2/t1,pt_spectrum,-0.8-0.8,126-150,126-150,True,matched_to_manuscript_bin,3.0,3.2,3.1,1.3071129243576367,0.05729511876106528,0.06920928549969384,0.08984795953844865
ins1735345,Table 1,10.17182/hepdata.91996.v2/t1,pt_spectrum,-0.8-0.8,21-30,21-30,True,matched_to_manuscript_bin,3.2,3.4,3.3,0.003103269910821559,4.493115628076404e-05,0.0007756372365826642,0.0007769375338972357
ins1735345,Table 1,10.17182/hepdata.91996.v2/t1,pt_spectrum,-0.8-0.8,31-40,31-40,True,matched_to_manuscript_bin,3.2,3.4,3.3,0.04598537857047452,0.00019708729419978932,0.0034609651238561427,0.0034665722248474152
ins1735345,Table 1,10.17182/hepdata.91996.v2/t1,pt_spectrum,-0.8-0.8,41-50,41-50,True,matched_to_manuscript_bin,3.2,3.4,3.3,0.1046688937575109,0.0004222526818614496,0.007546542872360411,0.007558346820020428
ins1735345,Table 1,10.17182/hepdata.91996.v2/t1,pt_spectrum,-0.8-0.8,51-60,51-60,True,matched_to_manuscript_bin,3.2,3.4,3.3,0.17466347136943347,0.0008023524333503956,0.012409330291909593,0.012435242165756498
ins1735345,Table 1,10.17182/hepdata.91996.v2/t1,pt_spectrum,-0.8-0.8,61-70,61-70,True,matched_to_manuscript_bin,3.2,3.4,3.3,0.25202333528702325,0.0014771717628533569,0.015681701194648075,0.01575112023873852
ins1735345,Table 1,10.17182/hepdata.91996.v2/t1,pt_spectrum,-0.8-0.8,71-80,71-80,True,matched_to_manuscript_bin,3.2,3.4,3.3,0.3391498463343788,0.0027187769117157307,0.02104225339112813,0.021217167003917414
ins1735345,Table 1,10.17182/hepdata.91996.v2/t1,pt_spectrum,-0.8-0.8,81-90,81-90,True,matched_to_manuscript_bin,3.2,3.4,3.3,0.4337778940379374,0.005045290867594345,0.027084990903197395,0.0275508927652974
ins1735345,Table 1,10.17182/hepdata.91996.v2/t1,pt_spectrum,-0.8-0.8,91-100,91-100,True,matched_to_manuscript_bin,3.2,3.4,3.3,0.5396270013621176,0.009468143715405919,0.03357634398033429,0.034885765299063044
ins1735345,Table 1,10.17182/hepdata.91996.v2/t1,pt_spectrum,-0.8-0.8,101-125,101-125,True,matched_to_manuscript_bin,3.2,3.4,3.3,0.6642060950651277,0.017016861637698878,0.0429920668216517,0.046237337613599175
ins1735345,Table 1,10.17182/hepdata.91996.v2/t1,pt_spectrum,-0.8-0.8,126-150,126-150,True,matched_to_manuscript_bin,3.2,3.4,3.3,0.9420518143051734,0.04846697851965492,0.0505697983482638,0.07004536038745718
ins1735345,Table 1,10.17182/hepdata.91996.v2/t1,pt_spectrum,-0.8-0.8,21-30,21-30,True,matched_to_manuscript_bin,3.4,3.6,3.5,0.002371978766644895,3.953966074044602e-05,0.0005980854470502166,0.000599391013233204
ins1735345,Table 1,10.17182/hepdata.91996.v2/t1,pt_spectrum,-0.8-0.8,31-40,31-40,True,matched_to_manuscript_bin,3.4,3.6,3.5,0.03549574429648939,0.00017410565334450822,0.002688780830556586,0.0026944118343889237
ins1735345,Table 1,10.17182/hepdata.91996.v2/t1,pt_spectrum,-0.8-0.8,41-50,41-50,True,matched_to_manuscript_bin,3.4,3.6,3.5,0.08269851366514439,0.00037555968738474675,0.0059425561187561645,0.005954411667272835
ins1735345,Table 1,10.17182/hepdata.91996.v2/t1,pt_spectrum,-0.8-0.8,51-60,51-60,True,matched_to_manuscript_bin,3.4,3.6,3.5,0.13641614638235144,0.0007121619036129608,0.00972420800222722,0.009750251065871973
ins1735345,Table 1,10.17182/hepdata.91996.v2/t1,pt_spectrum,-0.8-0.8,61-70,61-70,True,matched_to_manuscript_bin,3.4,3.6,3.5,0.1999723152760455,0.0013200727156918203,0.012450125802914498,0.012519913118033662
ins1735345,Table 1,10.17182/hepdata.91996.v2/t1,pt_spectrum,-0.8-0.8,71-80,71-80,True,matched_to_manuscript_bin,3.4,3.6,3.5,0.2718053314092837,0.0024373781796128294,0.01681974953289921,0.016995434291006393
ins1735345,Table 1,10.17182/hepdata.91996.v2/t1,pt_spectrum,-0.8-0.8,81-90,81-90,True,matched_to_manuscript_bin,3.4,3.6,3.5,0.34358503344967817,0.004509630338571193,0.02153412120360002,0.022001253187077723
ins1735345,Table 1,10.17182/hepdata.91996.v2/t1,pt_spectrum,-0.8-0.8,91-100,91-100,True,matched_to_manuscript_bin,3.4,3.6,3.5,0.4365144009932875,0.008499266732427388,0.026896748609652417,0.02820766953790735
ins1735345,Table 1,10.17182/hepdata.91996.v2/t1,pt_spectrum,-0.8-0.8,101-125,101-125,True,matched_to_manuscript_bin,3.4,3.6,3.5,0.5042997586040269,0.015319992444597958,0.0339940848551909,0.03728672650749135
ins1735345,Table 1,10.17182/hepdata.91996.v2/t1,pt_spectrum,-0.8-0.8,126-150,126-150,True,matched_to_manuscript_bin,3.4,3.6,3.5,0.8640787771570472,0.04623243042907532,0.04575460696026443,0.06504553544608245
ins1735345,Table 1,10.17182/hepdata.91996.v2/t1,pt_spectrum,-0.8-0.8,21-30,21-30,True,matched_to_manuscript_bin,3.6,3.8,3.7,0.0016990176008576706,3.385063663469082e-05,0.00044809859693625706,0.00044937536445249874
ins1735345,Table 1,10.17182/hepdata.91996.v2/t1,pt_spectrum,-0.8-0.8,31-40,31-40,True,matched_to_manuscript_bin,3.6,3.8,3.7,0.026997621325709275,0.0001502312560500415,0.002043646098816483,0.002049160512869161
ins1735345,Table 1,10.17182/hepdata.91996.v2/t1,pt_spectrum,-0.8-0.8,41-50,41-50,True,matched_to_manuscript_bin,3.6,3.8,3.7,0.06263123206003805,0.0003246215598040446,0.004530300540350244,0.004541916131214591
ins1735345,Table 1,10.17182/hepdata.91996.v2/t1,pt_spectrum,-0.8-0.8,51-60,51-60,True,matched_to_manuscript_bin,3.6,3.8,3.7,0.10665252219398304,0.0006223462130980301,0.007581044067579818,0.007606546125775129
ins1735345,Table 1,10.17182/hepdata.91996.v2/t1,pt_spectrum,-0.8-0.8,61-70,61-70,True,matched_to_manuscript_bin,3.6,3.8,3.7,0.15514859038809892,0.0011515607115399889,0.009671822463638641,0.00974013561715172
ins1735345,Table 1,10.17182/hepdata.91996.v2/t1,pt_spectrum,-0.8-0.8,71-80,71-80,True,matched_to_manuscript_bin,3.6,3.8,3.7,0.21215875470122472,0.002129830919967771,0.0131130011526444,0.013284840193879042
ins1735345,Table 1,10.17182/hepdata.91996.v2/t1,pt_spectrum,-0.8-0.8,81-90,81-90,True,matched_to_manuscript_bin,3.6,3.8,3.7,0.26658137200209747,0.003939719502962398,0.01681611436794081,0.01727145310035284
ins1735345,Table 1,10.17182/hepdata.91996.v2/t1,pt_spectrum,-0.8-0.8,91-100,91-100,True,matched_to_manuscript_bin,3.6,3.8,3.7,0.34619026928199215,0.007480002821871521,0.021578318433626537,0.022838000539412217
ins1735345,Table 1,10.17182/hepdata.91996.v2/t1,pt_spectrum,-0.8-0.8,101-125,101-125,True,matched_to_manuscript_bin,3.6,3.8,3.7,0.3998964737419692,0.01336519458510222,0.02657703542056578,0.02974839891563332
ins1735345,Table 1,10.17182/hepdata.91996.v2/t1,pt_spectrum,-0.8-0.8,126-150,126-150,True,matched_to_manuscript_bin,3.6,3.8,3.7,0.6413741467040287,0.03950804187082646,0.034351958534537305,0.05235401061643269
ins1735345,Table 1,10.17182/hepdata.91996.v2/t1,pt_spectrum,-0.8-0.8,21-30,21-30,True,matched_to_manuscript_bin,3.8,4.0,3.9,0.0012757501759048378,2.9841370514360117e-05,0.00034883838254797444,0.00035011244555551335
ins1735345,Table 1,10.17182/hepdata.91996.v2/t1,pt_spectrum,-0.8-0.8,31-40,31-40,True,matched_to_manuscript_bin,3.8,4.0,3.9,0.02127999843640122,0.00013333011190509202,0.0016121802390531568,0.0016176841601295718
ins1735345,Table 1,10.17182/hepdata.91996.v2/t1,pt_spectrum,-0.8-0.8,41-50,41-50,True,matched_to_manuscript_bin,3.8,4.0,3.9,0.049542512313339206,0.0002885239561608863,0.0035847853499998248,0.0035963776329596
ins1735345,Table 1,10.17182/hepdata.91996.v2/t1,pt_spectrum,-0.8-0.8,51-60,51-60,True,matched_to_manuscript_bin,3.8,4.0,3.9,0.08447990305688266,0.0005541190232519791,0.006017827664618156,0.006043285339364123
ins1735345,Table 1,10.17182/hepdata.91996.v2/t1,pt_spectrum,-0.8-0.8,61-70,61-70,True,matched_to_manuscript_bin,3.8,4.0,3.9,0.12491826323160043,0.0010312075813499854,0.007766586142979367,0.007834746287669614
ins1735345,Table 1,10.17182/hepdata.91996.v2/t1,pt_spectrum,-0.8-0.8,71-80,71-80,True,matched_to_manuscript_bin,3.8,4.0,3.9,0.16917399109031303,0.0019075658283542799,0.010530562257522785,0.01070194135888757
ins1735345,Table 1,10.17182/hepdata.91996.v2/t1,pt_spectrum,-0.8-0.8,81-90,81-90,True,matched_to_manuscript_bin,3.8,4.0,3.9,0.22268980804589075,0.00357143297619227,0.013853236236010638,0.014306197528139745
ins1735345,Table 1,10.17182/hepdata.91996.v2/t1,pt_spectrum,-0.8-0.8,91-100,91-100,True,matched_to_manuscript_bin,3.8,4.0,3.9,0.2693075445425585,0.006654090252494026,0.017099403384756653,0.01834847441077768
ins1735345,Table 1,10.17182/hepdata.91996.v2/t1,pt_spectrum,-0.8-0.8,101-125,101-125,True,matched_to_manuscript_bin,3.8,4.0,3.9,0.3418498356136433,0.012053204946968609,0.021957769460761632,0.025048420892055945
ins1735345,Table 1,10.17182/hepdata.91996.v2/t1,pt_spectrum,-0.8-0.8,126-150,126-150,True,matched_to_manuscript_bin,3.8,4.0,3.9,0.4733043934934653,0.03408855268000287,0.025642580987752607,0.04265643425710572
ins1735345,Table 1,10.17182/hepdata.91996.v2/t1,pt_spectrum,-0.8-0.8,21-30,21-30,True,matched_to_manuscript_bin,4.0,4.5,4.25,0.0008011231566804664,1.517785549932991e-05,0.00022912844872284362,0.00022963060186241582
ins1735345,Table 1,10.17182/hepdata.91996.v2/t1,pt_spectrum,-0.8-0.8,31-40,31-40,True,matched_to_manuscript_bin,4.0,4.5,4.25,0.014178905273951268,6.849976467822933e-05,0.0010792988047778301,0.0010814703545432142
ins1735345,Table 1,10.17182/hepdata.91996.v2/t1,pt_spectrum,-0.8-0.8,41-50,41-50,True,matched_to_manuscript_bin,4.0,4.5,4.25,0.03367862096763296,0.00014918797455057772,0.0024319181776191433,0.0024364899085333636
ins1735345,Table 1,10.17182/hepdata.91996.v2/t1,pt_spectrum,-0.8-0.8,51-60,51-60,True,matched_to_manuscript_bin,4.0,4.5,4.25,0.057192126984983195,0.00028640883973807854,0.0040763470768788845,0.004086396397152281
ins1735345,Table 1,10.17182/hepdata.91996.v2/t1,pt_spectrum,-0.8-0.8,61-70,61-70,True,matched_to_manuscript_bin,4.0,4.5,4.25,0.08468436315250208,0.0005339153053582109,0.005287078700732407,0.0053139690195779295
ins1735345,Table 1,10.17182/hepdata.91996.v2/t1,pt_spectrum,-0.8-0.8,71-80,71-80,True,matched_to_manuscript_bin,4.0,4.5,4.25,0.11653296779499961,0.0009922592660906442,0.007240264115431582,0.007307941085719631
ins1735345,Table 1,10.17182/hepdata.91996.v2/t1,pt_spectrum,-0.8-0.8,81-90,81-90,True,matched_to_manuscript_bin,4.0,4.5,4.25,0.15005189448749787,0.0018536620594858451,0.009366723797593363,0.009548380895794802
ins1735345,Table 1,10.17182/hepdata.91996.v2/t1,pt_spectrum,-0.8-0.8,91-100,91-100,True,matched_to_manuscript_bin,4.0,4.5,4.25,0.1960518763050157,0.003536230512091522,0.012066549549930654,0.012574042479472492
ins1735345,Table 1,10.17182/hepdata.91996.v2/t1,pt_spectrum,-0.8-0.8,101-125,101-125,True,matched_to_manuscript_bin,4.0,4.5,4.25,0.23153309507237893,0.0063687563858971005,0.015424573926151444,0.01668767625243899
ins1735345,Table 1,10.17182/hepdata.91996.v2/t1,pt_spectrum,-0.8-0.8,126-150,126-150,True,matched_to_manuscript_bin,4.0,4.5,4.25,0.3687150268043575,0.018793247974489308,0.02010050372638429,0.0275175656533247
ins1735345,Table 1,10.17182/hepdata.91996.v2/t1,pt_spectrum,-0.8-0.8,21-30,21-30,True,matched_to_manuscript_bin,4.5,5.0,4.75,0.000452584897635895,1.150126058726119e-05,0.00013237966885351791,0.00013287834933074368
ins1735345,Table 1,10.17182/hepdata.91996.v2/t1,pt_spectrum,-0.8-0.8,31-40,31-40,True,matched_to_manuscript_bin,4.5,5.0,4.75,0.008247023132125313,5.217891881977652e-05,0.0006293519831962432,0.0006315113287362668
ins1735345,Table 1,10.17182/hepdata.91996.v2/t1,pt_spectrum,-0.8-0.8,41-50,41-50,True,matched_to_manuscript_bin,4.5,5.0,4.75,0.019740942834512692,0.00011439033192505757,0.0014361605958640828,0.0014407089939160519
ins1735345,Table 1,10.17182/hepdata.91996.v2/t1,pt_spectrum,-0.8-0.8,51-60,51-60,True,matched_to_manuscript_bin,4.5,5.0,4.75,0.03482543419177197,0.000222477844551794,0.0024747235706647623,0.0024847038339649583
ins1735345,Table 1,10.17182/hepdata.91996.v2/t1,pt_spectrum,-0.8-0.8,61-70,61-70,True,matched_to_manuscript_bin,4.5,5.0,4.75,0.051355583631311943,0.00041458101274734264,0.0032056893835517982,0.003232386400161237
ins1735345,Table 1,10.17182/hepdata.91996.v2/t1,pt_spectrum,-0.8-0.8,71-80,71-80,True,matched_to_manuscript_bin,4.5,5.0,4.75,0.07052989675773222,0.000769343244326949,0.004376121826062336,0.004443234324693068
ins1735345,Table 1,10.17182/hepdata.91996.v2/t1,pt_spectrum,-0.8-0.8,81-90,81-90,True,matched_to_manuscript_bin,4.5,5.0,4.75,0.09010524230682822,0.0014342256699039974,0.005638644283896503,0.0058181880884456
ins1735345,Table 1,10.17182/hepdata.91996.v2/t1,pt_spectrum,-0.8-0.8,91-100,91-100,True,matched_to_manuscript_bin,4.5,5.0,4.75,0.11892816478764094,0.0027549760528680855,0.007347598599565168,0.007847107634804599
ins1735345,Table 1,10.17182/hepdata.91996.v2/t1,pt_spectrum,-0.8-0.8,101-125,101-125,True,matched_to_manuscript_bin,4.5,5.0,4.75,0.1444694393920456,0.005096809808368697,0.009809534992090233,0.011054612023211221
ins1735345,Table 1,10.17182/hepdata.91996.v2/t1,pt_spectrum,-0.8-0.8,126-150,126-150,True,matched_to_manuscript_bin,4.5,5.0,4.75,0.2558846880683949,0.015566872566887413,0.01384014788074176,0.020829719510221747
ins1735345,Table 1,10.17182/hepdata.91996.v2/t1,pt_spectrum,-0.8-0.8,21-30,21-30,True,matched_to_manuscript_bin,5.0,5.5,5.25,0.00024116580183244945,8.649499543230913e-06,7.713371003965088e-05,7.761715703908055e-05
ins1735345,Table 1,10.17182/hepdata.91996.v2/t1,pt_spectrum,-0.8-0.8,31-40,31-40,True,matched_to_manuscript_bin,5.0,5.5,5.25,0.004901303983711536,3.987551711024696e-05,0.0003778622360039319,0.0003799604272324958
ins1735345,Table 1,10.17182/hepdata.91996.v2/t1,pt_spectrum,-0.8-0.8,41-50,41-50,True,matched_to_manuscript_bin,5.0,5.5,5.25,0.012171606128271353,8.8359612180515e-05,0.0008806438797490985,0.0008850655704546617
ins1735345,Table 1,10.17182/hepdata.91996.v2/t1,pt_spectrum,-0.8-0.8,51-60,51-60,True,matched_to_manuscript_bin,5.0,5.5,5.25,0.021025846990116847,0.0001712029238567947,0.0015059549168813468,0.0015156551892881902
ins1735345,Table 1,10.17182/hepdata.91996.v2/t1,pt_spectrum,-0.8-0.8,61-70,61-70,True,matched_to_manuscript_bin,5.0,5.5,5.25,0.03192161795079404,0.0003225869239966273,0.001989669534637069,0.0020156505601409427
ins1735345,Table 1,10.17182/hepdata.91996.v2/t1,pt_spectrum,-0.8-0.8,71-80,71-80,True,matched_to_manuscript_bin,5.0,5.5,5.25,0.044301209403530585,0.0006033971561943982,0.0027729129182492524,0.002837804464775026
ins1735345,Table 1,10.17182/hepdata.91996.v2/t1,pt_spectrum,-0.8-0.8,81-90,81-90,True,matched_to_manuscript_bin,5.0,5.5,5.25,0.0588687068209599,0.0011417396231562687,0.003775943621684536,0.003944783847212055
ins1735345,Table 1,10.17182/hepdata.91996.v2/t1,pt_spectrum,-0.8-0.8,91-100,91-100,True,matched_to_manuscript_bin,5.0,5.5,5.25,0.07714913602878948,0.0021945233833279825,0.004999528082000937,0.0054599646448204465
ins1735345,Table 1,10.17182/hepdata.91996.v2/t1,pt_spectrum,-0.8-0.8,101-125,101-125,True,matched_to_manuscript_bin,5.0,5.5,5.25,0.09583820494872512,0.0040974673261632375,0.0065818162049979525,0.007753034441130064
ins1735345,Table 1,10.17182/hepdata.91996.v2/t1,pt_spectrum,-0.8-0.8,126-150,126-150,True,matched_to_manuscript_bin,5.0,5.5,5.25,0.1711307019432685,0.012558666288842406,0.009744864317089444,0.01589598941598131
ins1735345,Table 1,10.17182/hepdata.91996.v2/t1,pt_spectrum,-0.8-0.8,21-30,21-30,True,matched_to_manuscript_bin,5.5,6.0,5.75,0.00014002619303916722,6.8787996459254356e-06,4.8844301053288054e-05,4.932629754961364e-05
ins1735345,Table 1,10.17182/hepdata.91996.v2/t1,pt_spectrum,-0.8-0.8,31-40,31-40,True,matched_to_manuscript_bin,5.5,6.0,5.75,0.0031753227285407186,3.20528419444369e-05,0.00024409747883432956,0.00024619294029275295
ins1735345,Table 1,10.17182/hepdata.91996.v2/t1,pt_spectrum,-0.8-0.8,41-50,41-50,True,matched_to_manuscript_bin,5.5,6.0,5.75,0.007831833512741644,7.087139167494055e-05,0.0005663838770014647,0.000570800709779826
ins1735345,Table 1,10.17182/hepdata.91996.v2/t1,pt_spectrum,-0.8-0.8,51-60,51-60,True,matched_to_manuscript_bin,5.5,6.0,5.75,0.013460009169525625,0.00013729065904661758,0.0009679638591228508,0.0009776516545423818
ins1735345,Table 1,10.17182/hepdata.91996.v2/t1,pt_spectrum,-0.8-0.8,61-70,61-70,True,matched_to_manuscript_bin,5.5,6.0,5.75,0.020888093131053487,0.00026058692617157107,0.0012989750946022715,0.0013248554043700498
ins1735345,Table 1,10.17182/hepdata.91996.v2/t1,pt_spectrum,-0.8-0.8,71-80,71-80,True,matched_to_manuscript_bin,5.5,6.0,5.75,0.02883524578204635,0.00048563783106468677,0.0017969941167810663,0.0018614596312321622
ins1735345,Table 1,10.17182/hepdata.91996.v2/t1,pt_spectrum,-0.8-0.8,81-90,81-90,True,matched_to_manuscript_bin,5.5,6.0,5.75,0.037129940612574824,0.0009125136991028474,0.002409814137633603,0.002576797514161551
ins1735345,Table 1,10.17182/hepdata.91996.v2/t1,pt_spectrum,-0.8-0.8,91-100,91-100,True,matched_to_manuscript_bin,5.5,6.0,5.75,0.05162522931735449,0.0017842093660196691,0.003308264342134666,0.0037587253184067633
ins1735345,Table 1,10.17182/hepdata.91996.v2/t1,pt_spectrum,-0.8-0.8,101-125,101-125,True,matched_to_manuscript_bin,5.5,6.0,5.75,0.0611682248485899,0.003288493104218435,0.004235376032484978,0.005362144816492781
ins1735345,Table 1,10.17182/hepdata.91996.v2/t1,pt_spectrum,-0.8-0.8,126-150,126-150,True,matched_to_manuscript_bin,5.5,6.0,5.75,0.11135607470453368,0.010120079656457536,0.006330777346201439,0.011937116656053211
ins1735345,Table 1,10.17182/hepdata.91996.v2/t1,pt_spectrum,-0.8-0.8,21-30,21-30,True,matched_to_manuscript_bin,6.0,6.5,6.25,8.93370691813232e-05,5.3364019325178235e-06,3.06562754383807e-05,3.1117268667722815e-05
ins1735345,Table 1,10.17182/hepdata.91996.v2/t1,pt_spectrum,-0.8-0.8,31-40,31-40,True,matched_to_manuscript_bin,6.0,6.5,6.25,0.001979892718388217,2.486328521825402e-05,0.00015291223949264035,0.00015492041808134538
ins1735345,Table 1,10.17182/hepdata.91996.v2/t1,pt_spectrum,-0.8-0.8,41-50,41-50,True,matched_to_manuscript_bin,6.0,6.5,6.25,0.0049315948426926735,5.548785365408894e-05,0.0003612447524667843,0.00036548142646094324
ins1735345,Table 1,10.17182/hepdata.91996.v2/t1,pt_spectrum,-0.8-0.8,51-60,51-60,True,matched_to_manuscript_bin,6.0,6.5,6.25,0.009027348540070057,0.00010981364732255937,0.0006444149717666583,0.0006537045915207468
ins1735345,Table 1,10.17182/hepdata.91996.v2/t1,pt_spectrum,-0.8-0.8,61-70,61-70,True,matched_to_manuscript_bin,6.0,6.5,6.25,0.013719616836746934,0.00020694780815655594,0.0008530467208358254,0.000877790466586165
ins1735345,Table 1,10.17182/hepdata.91996.v2/t1,pt_spectrum,-0.8-0.8,71-80,71-80,True,matched_to_manuscript_bin,6.0,6.5,6.25,0.018715716765954366,0.0003861670068084257,0.0011779024960687247,0.0012395883378736308
ins1735345,Table 1,10.17182/hepdata.91996.v2/t1,pt_spectrum,-0.8-0.8,81-90,81-90,True,matched_to_manuscript_bin,6.0,6.5,6.25,0.025954649035617523,0.000739617852062272,0.001618772075379438,0.001779735260963681
ins1735345,Table 1,10.17182/hepdata.91996.v2/t1,pt_spectrum,-0.8-0.8,91-100,91-100,True,matched_to_manuscript_bin,6.0,6.5,6.25,0.03304709094910508,0.0013979761289111307,0.0020781256271072495,0.0025045844723317378
ins1735345,Table 1,10.17182/hepdata.91996.v2/t1,pt_spectrum,-0.8-0.8,101-125,101-125,True,matched_to_manuscript_bin,6.0,6.5,6.25,0.0367686233715422,0.002557366170163138,0.0027033728698812338,0.0037213366687125706
ins1735345,Table 1,10.17182/hepdata.91996.v2/t1,pt_spectrum,-0.8-0.8,126-150,126-150,True,matched_to_manuscript_bin,6.0,6.5,6.25,0.07560352987070153,0.008147854303565466,0.0046186234638090325,0.009365853535721004
ins1735345,Table 1,10.17182/hepdata.91996.v2/t1,pt_spectrum,-0.8-0.8,21-30,21-30,True,matched_to_manuscript_bin,6.5,7.0,6.75,5.0861664346120975e-05,4.35435288939499e-06,2.0452374107785552e-05,2.0910762676913518e-05
ins1735345,Table 1,10.17182/hepdata.91996.v2/t1,pt_spectrum,-0.8-0.8,31-40,31-40,True,matched_to_manuscript_bin,6.5,7.0,6.75,0.0013678963169233606,2.0667481140735564e-05,0.00010567613165566683,0.00010767817596155913
ins1735345,Table 1,10.17182/hepdata.91996.v2/t1,pt_spectrum,-0.8-0.8,41-50,41-50,True,matched_to_manuscript_bin,6.5,7.0,6.75,0.003420316504228462,4.6239832098729474e-05,0.0002507972955470268,0.0002550243234011639
ins1735345,Table 1,10.17182/hepdata.91996.v2/t1,pt_spectrum,-0.8-0.8,51-60,51-60,True,matched_to_manuscript_bin,6.5,7.0,6.75,0.006309571649248661,9.139136220649663e-05,0.0004465100421164811,0.0004557670444391748
ins1735345,Table 1,10.17182/hepdata.91996.v2/t1,pt_spectrum,-0.8-0.8,61-70,61-70,True,matched_to_manuscript_bin,6.5,7.0,6.75,0.009093110301782295,0.00017104070702756387,0.000581311333841353,0.0006059519703020215
ins1735345,Table 1,10.17182/hepdata.91996.v2/t1,pt_spectrum,-0.8-0.8,71-80,71-80,True,matched_to_manuscript_bin,6.5,7.0,6.75,0.014305545936492924,0.00033267949159660436,0.0008752211826425232,0.0009363160591782842
ins1735345,Table 1,10.17182/hepdata.91996.v2/t1,pt_spectrum,-0.8-0.8,81-90,81-90,True,matched_to_manuscript_bin,6.5,7.0,6.75,0.017562522206273842,0.0006187291233054493,0.0011294918696639676,0.0012878577606487973
ins1735345,Table 1,10.17182/hepdata.91996.v2/t1,pt_spectrum,-0.8-0.8,91-100,91-100,True,matched_to_manuscript_bin,6.5,7.0,6.75,0.025694276413316064,0.0012223542832237972,0.001585070479408561,0.0020016489248637108
ins1735345,Table 1,10.17182/hepdata.91996.v2/t1,pt_spectrum,-0.8-0.8,101-125,101-125,True,matched_to_manuscript_bin,6.5,7.0,6.75,0.02658326648719795,0.002259474870387749,0.0020697337617107095,0.003064151519471402
ins1735345,Table 1,10.17182/hepdata.91996.v2/t1,pt_spectrum,-0.8-0.8,126-150,126-150,True,matched_to_manuscript_bin,6.5,7.0,6.75,0.06627563252019024,0.007592671602212978,0.004010713990435599,0.008586878872566402
ins1735345,Table 1,10.17182/hepdata.91996.v2/t1,pt_spectrum,-0.8-0.8,21-30,21-30,True,matched_to_manuscript_bin,7.0,8.0,7.5,3.2978521981404486e-05,2.3837094459335044e-06,1.2252776048861841e-05,1.2482491403009057e-05
ins1735345,Table 1,10.17182/hepdata.91996.v2/t1,pt_spectrum,-0.8-0.8,31-40,31-40,True,matched_to_manuscript_bin,7.0,8.0,7.5,0.0008008575823875119,1.1270093802820706e-05,6.286212697769567e-05,6.386440340662639e-05
ins1735345,Table 1,10.17182/hepdata.91996.v2/t1,pt_spectrum,-0.8-0.8,41-50,41-50,True,matched_to_manuscript_bin,7.0,8.0,7.5,0.0021114965386982965,2.5569033550759832e-05,0.00015343621966285845,0.00015555207803545675
ins1735345,Table 1,10.17182/hepdata.91996.v2/t1,pt_spectrum,-0.8-0.8,51-60,51-60,True,matched_to_manuscript_bin,7.0,8.0,7.5,0.0037671701080259456,5.032356454246036e-05,0.0002704725246737296,0.00027511424490862053
ins1735345,Table 1,10.17182/hepdata.91996.v2/t1,pt_spectrum,-0.8-0.8,61-70,61-70,True,matched_to_manuscript_bin,7.0,8.0,7.5,0.00587114259709416,9.580717306804527e-05,0.00036547879267742394,0.00037782768864687223
ins1735345,Table 1,10.17182/hepdata.91996.v2/t1,pt_spectrum,-0.8-0.8,71-80,71-80,True,matched_to_manuscript_bin,7.0,8.0,7.5,0.008133689115220739,0.00017987310889298116,0.0005109194477118477,0.0005416576569688697
ins1735345,Table 1,10.17182/hepdata.91996.v2/t1,pt_spectrum,-0.8-0.8,81-90,81-90,True,matched_to_manuscript_bin,7.0,8.0,7.5,0.01120934448113967,0.0003465441343727736,0.0007090177079971235,0.0007891761193305772
ins1735345,Table 1,10.17182/hepdata.91996.v2/t1,pt_spectrum,-0.8-0.8,91-100,91-100,True,matched_to_manuscript_bin,7.0,8.0,7.5,0.015591555035661722,0.0006771494518727633,0.0009728216395103891,0.0011852903958403042
ins1735345,Table 1,10.17182/hepdata.91996.v2/t1,pt_spectrum,-0.8-0.8,101-125,101-125,True,matched_to_manuscript_bin,7.0,8.0,7.5,0.01715821523356676,0.0012664308986874778,0.0013073772248313362,0.0018201874708826174
ins1735345,Table 1,10.17182/hepdata.91996.v2/t1,pt_spectrum,-0.8-0.8,126-150,126-150,True,matched_to_manuscript_bin,7.0,8.0,7.5,0.04035845078622375,0.004194965352237597,0.002448168476285752,0.004857083815907772
ins1735345,Table 1,10.17182/hepdata.91996.v2/t1,pt_spectrum,-0.8-0.8,21-30,21-30,True,matched_to_manuscript_bin,8.0,10.0,9.0,1.1135292793830093e-05,1.0375777044394204e-06,4.805774977410812e-06,4.916506953748532e-06
ins1735345,Table 1,10.17182/hepdata.91996.v2/t1,pt_spectrum,-0.8-0.8,31-40,31-40,True,matched_to_manuscript_bin,8.0,10.0,9.0,0.0003202196196103987,5.007692651448129e-06,2.5557551809235244e-05,2.6043529718014632e-05
ins1735345,Table 1,10.17182/hepdata.91996.v2/t1,pt_spectrum,-0.8-0.8,41-50,41-50,True,matched_to_manuscript_bin,8.0,10.0,9.0,0.0008718704955680859,1.148574694436788e-05,6.344739617409759e-05,6.447863571868553e-05
ins1735345,Table 1,10.17182/hepdata.91996.v2/t1,pt_spectrum,-0.8-0.8,51-60,51-60,True,matched_to_manuscript_bin,8.0,10.0,9.0,0.0015478164158448404,2.2746393364979227e-05,0.00011339457528042435,0.00011565348293130733
ins1735345,Table 1,10.17182/hepdata.91996.v2/t1,pt_spectrum,-0.8-0.8,61-70,61-70,True,matched_to_manuscript_bin,8.0,10.0,9.0,0.0026155981776732045,4.464922851842727e-05,0.0001627589703359775,0.00016877214234617733
ins1735345,Table 1,10.17182/hepdata.91996.v2/t1,pt_spectrum,-0.8-0.8,71-80,71-80,True,matched_to_manuscript_bin,8.0,10.0,9.0,0.0036473981627695067,8.471979639914176e-05,0.0002330364300611997,0.0002479585078951324
ins1735345,Table 1,10.17182/hepdata.91996.v2/t1,pt_spectrum,-0.8-0.8,81-90,81-90,True,matched_to_manuscript_bin,8.0,10.0,9.0,0.005395216520170623,0.00016654917805335677,0.00035084127326698793,0.0003883661001398681
ins1735345,Table 1,10.17182/hepdata.91996.v2/t1,pt_spectrum,-0.8-0.8,91-100,91-100,True,matched_to_manuscript_bin,8.0,10.0,9.0,0.0069608696758654345,0.00031852103075616286,0.00046911404250485377,0.000567030538780068
ins1735345,Table 1,10.17182/hepdata.91996.v2/t1,pt_spectrum,-0.8-0.8,101-125,101-125,True,matched_to_manuscript_bin,8.0,10.0,9.0,0.008167826072905974,0.0005984907612049663,0.0006108217206099308,0.000855157509244102
ins1735345,Table 1,10.17182/hepdata.91996.v2/t1,pt_spectrum,-0.8-0.8,126-150,126-150,True,matched_to_manuscript_bin,8.0,10.0,9.0,0.01738486956679808,0.0019305682324226984,0.0011175740032540894,0.002230709607454335
ins1735345,Table 1,10.17182/hepdata.91996.v2/t1,pt_spectrum,-0.8-0.8,21-30,21-30,True,matched_to_manuscript_bin,10.0,13.0,11.5,3.4864373712187428e-06,4.439545706230783e-07,1.3711376827104006e-06,1.4412196937752304e-06
ins1735345,Table 1,10.17182/hepdata.91996.v2/t1,pt_spectrum,-0.8-0.8,31-40,31-40,True,matched_to_manuscript_bin,10.0,13.0,11.5,8.680944558916778e-05,2.1406249137224725e-06,7.153898489110493e-06,7.467297945960556e-06
ins1735345,Table 1,10.17182/hepdata.91996.v2/t1,pt_spectrum,-0.8-0.8,41-50,41-50,True,matched_to_manuscript_bin,10.0,13.0,11.5,0.0002605506159852975,5.084232139977769e-06,1.940233364094365e-05,2.0057416762077727e-05
ins1735345,Table 1,10.17182/hepdata.91996.v2/t1,pt_spectrum,-0.8-0.8,51-60,51-60,True,matched_to_manuscript_bin,10.0,13.0,11.5,0.0004817856265284205,1.0216762964083542e-05,3.526627362190979e-05,3.671637646391157e-05
ins1735345,Table 1,10.17182/hepdata.91996.v2/t1,pt_spectrum,-0.8-0.8,61-70,61-70,True,matched_to_manuscript_bin,10.0,13.0,11.5,0.0007971643717873398,2.008115844713617e-05,5.05378557621034e-05,5.4381318387936824e-05
ins1735345,Table 1,10.17182/hepdata.91996.v2/t1,pt_spectrum,-0.8-0.8,71-80,71-80,True,matched_to_manuscript_bin,10.0,13.0,11.5,0.0012138993991728558,3.918288326715177e-05,7.646193585768356e-05,8.59169714097963e-05
ins1735345,Table 1,10.17182/hepdata.91996.v2/t1,pt_spectrum,-0.8-0.8,81-90,81-90,True,matched_to_manuscript_bin,10.0,13.0,11.5,0.0017116404348297683,7.627523306746436e-05,0.00011493679625720904,0.0001379433880741197
ins1735345,Table 1,10.17182/hepdata.91996.v2/t1,pt_spectrum,-0.8-0.8,91-100,91-100,True,matched_to_manuscript_bin,10.0,13.0,11.5,0.002322977122188966,0.0001494108010290949,0.0001504967436923316,0.00021206804881016646
ins1735345,Table 1,10.17182/hepdata.91996.v2/t1,pt_spectrum,-0.8-0.8,101-125,101-125,True,matched_to_manuscript_bin,10.0,13.0,11.5,0.0028445425876585427,0.00030323878636531656,0.00023138654119532581,0.0003814360929469658
ins1735345,Table 1,10.17182/hepdata.91996.v2/t1,pt_spectrum,-0.8-0.8,126-150,126-150,True,matched_to_manuscript_bin,10.0,13.0,11.5,0.008280613958888416,0.0010679980940711655,0.0005151250434122653,0.0011857376350989835
ins1735345,Table 1,10.17182/hepdata.91996.v2/t1,pt_spectrum,-0.8-0.8,21-30,21-30,True,matched_to_manuscript_bin,13.0,20.0,16.5,4.149790374213628e-07,1.1907569986009796e-07,2.3417560584362718e-07,2.627113181220062e-07
ins1735345,Table 1,10.17182/hepdata.91996.v2/t1,pt_spectrum,-0.8-0.8,31-40,31-40,True,matched_to_manuscript_bin,13.0,20.0,16.5,1.553129744514391e-05,5.952863310501039e-07,1.3076988053472805e-06,1.436816613713037e-06
ins1735345,Table 1,10.17182/hepdata.91996.v2/t1,pt_spectrum,-0.8-0.8,41-50,41-50,True,matched_to_manuscript_bin,13.0,20.0,16.5,4.838853261949e-05,1.4385185335476895e-06,3.66446286553761e-06,3.936702130497595e-06
ins1735345,Table 1,10.17182/hepdata.91996.v2/t1,pt_spectrum,-0.8-0.8,51-60,51-60,True,matched_to_manuscript_bin,13.0,20.0,16.5,9.326044159892907e-05,2.9690076814038887e-06,6.893852355274264e-06,7.50601138478725e-06
ins1735345,Table 1,10.17182/hepdata.91996.v2/t1,pt_spectrum,-0.8-0.8,61-70,61-70,True,matched_to_manuscript_bin,13.0,20.0,16.5,0.0001715279345890778,6.069014562956921e-06,1.1341413116751732e-05,1.2863148496779916e-05
ins1735345,Table 1,10.17182/hepdata.91996.v2/t1,pt_spectrum,-0.8-0.8,71-80,71-80,True,matched_to_manuscript_bin,13.0,20.0,16.5,0.00026251608168844693,1.1890280552266599e-05,1.795961385260253e-05,2.1538953116300754e-05
ins1735345,Table 1,10.17182/hepdata.91996.v2/t1,pt_spectrum,-0.8-0.8,81-90,81-90,True,matched_to_manuscript_bin,13.0,20.0,16.5,0.00035934341190333574,2.340677887663588e-05,2.717798020366019e-05,3.5868090349644666e-05
ins1735345,Table 1,10.17182/hepdata.91996.v2/t1,pt_spectrum,-0.8-0.8,91-100,91-100,True,matched_to_manuscript_bin,13.0,20.0,16.5,0.0006217366230848598,4.949932035156923e-05,4.310551199911046e-05,6.563739696219475e-05
ins1735345,Table 1,10.17182/hepdata.91996.v2/t1,pt_spectrum,-0.8-0.8,101-125,101-125,True,matched_to_manuscript_bin,13.0,20.0,16.5,0.0006647636034177954,9.516464498423265e-05,5.847242763068086e-05,0.00011169303670327996
ins1735345,Table 1,10.17182/hepdata.91996.v2/t1,pt_spectrum,-0.8-0.8,126-150,126-150,True,matched_to_manuscript_bin,13.0,20.0,16.5,0.0018433390946154984,0.0003295881970034895,0.00010676527294345514,0.00034644942359701145
